Player (9),Pos,"Cap Hit
Total","Cap Hit
Adjusted","Cap Hit Pct
League Cap",,,
"Bourque
Rene Bourque",LW,"$1,827,957","$1,827,957",2.65%,,,
"Brewer
Eric Brewer",D,"$1,449,167","$1,449,167",2.10%,,,
"Lovejoy
Ben Lovejoy",D,"$883,513","$883,513",1.28%,,,
"Allen
Bryan Allen",D,"$809,140","$809,140",1.17%,,,
"Smith-Pelly
Devante Smith-Pelly",RW,"$597,849","$597,849",0.87%,,,
"Heatley
Dany Heatley",LW,"$487,769","$487,769",0.71%,,,
"Karlsson
William Karlsson",C,"$250,143","$250,143",0.36%,,,
"Clark
Mat Clark",D,"$79,839","$79,839",0.12%,,,
"Blacker
Jesse Blacker",D,"$11,828","$11,828",0.02%,,,
