Player (22),Pos,"Cap Hit
Total","Cap Hit
Adjusted","Cap Hit Pct
League Cap",Base Salary,"Signing Bonus
Proration",Incentives
"Getzlaf
Ryan Getzlaf",C,"$8,250,000","$8,250,000",10.12%,"$3,000,000","$3,000,000",-
"Fowler
Cam Fowler",D,"$6,500,000","$6,500,000",7.98%,"$4,750,000",-,-
"Gibson
John Gibson",G,"$6,400,000","$6,400,000",7.85%,"$6,400,000",-,-
"Henrique
Adam Henrique",C,"$5,825,000","$5,825,000",7.15%,"$5,825,000",-,-
"Silfverberg
Jakob Silfverberg",RW,"$5,250,000","$5,250,000",6.44%,"$5,250,000",-,-
"Backes
David Backes",C,"$6,000,000","$4,500,000",7.36%,"$3,000,000","$1,000,000",-
"Manson
Josh Manson",D,"$4,100,000","$4,100,000",5.03%,"$4,450,000",-,-
"Shattenkirk
Kevin Shattenkirk",D,"$3,900,000","$3,900,000",4.79%,"$2,500,000",-,-
"Rakell
Rickard Rakell",C,"$3,789,444","$3,789,444",4.65%,"$3,800,000",-,-
"Heinen
Danton Heinen",C,"$2,800,000","$2,800,000",3.44%,"$2,775,000",-,-
"Grant
Derek Grant",LW,"$1,500,000","$1,500,000",1.84%,"$1,250,000",-,-
"Terry
Troy Terry",RW,"$1,450,000","$1,450,000",1.78%,"$1,350,000",-,-
"Fleury
Haydn Fleury",D,"$1,300,000","$1,300,000",1.60%,"$1,050,000",-,-
"Larsson
Jacob Larsson",D,"$1,200,000","$1,200,000",1.47%,"$1,100,000",-,-
"Deslauriers
Nicolas Deslauriers",LW,"$1,000,000","$1,000,000",1.23%,"$1,000,000",-,-
"Miller
Ryan Miller",G,"$1,000,000","$1,000,000",1.23%,"$1,000,000",-,-
"Lundestrom
Isac Lundestrom",C,"$925,000","$845,244",1.14%,"$832,500","$92,500",-
"Comtois
Maxime Comtois",LW,"$820,000","$805,866",1.01%,"$832,500","$92,500",-
"Jones
Max Jones",LW,"$863,333","$729,414",1.06%,"$832,500",-,-
"Stolarz
Anthony Stolarz",G,"$750,000","$316,834",0.92%,"$700,000",-,-
"Welinski
Andy Welinski",D,"$750,000","$271,572",0.92%,"$750,000",-,-
"Volkov
Alexander Volkov",RW,"$700,000","$271,530",0.86%,"$700,000",-,-
