Player (9),Pos,"Cap Hit
Total","Cap Hit
Adjusted","Cap Hit Pct
League Cap",,,,VIA
"Montour
Brandon Montour",D,"$2,622,596","$2,622,596",3.30%,,,,
"Cogliano
Andrew Cogliano",LW,"$1,799,741","$1,799,741",2.26%,,,,
"Gibbons
Brian Gibbons",RW,"$779,584","$779,584",0.98%,,,,
"Schenn
Luke Schenn",D,"$348,381","$348,381",0.44%,,,,
"Aberg
Pontus Aberg",LW,"$321,540","$321,540",0.40%,,,,
"Del Zotto
Michael Del Zotto",D,"$318,547","$318,547",0.40%,,,,
"Pettersson
Marcus Pettersson",D,"$247,660","$247,660",0.31%,,,,
"Blandisi
Joseph Blandisi",RW,"$60,208","$60,208",0.08%,,,,
"Coreau
Jared Coreau",G,"$6,990","$6,990",0.01%,,,,
