Player (21),Pos,"Cap Hit
Total","Cap Hit
Adjusted","Cap Hit Pct
League Cap",Base Salary,"Signing Bonus
Proration",Incentives
"Getzlaf
Ryan Getzlaf",C,"$8,250,000","$8,250,000",10.12%,"$8,275,000",-,-
"Fowler
Cam Fowler",D,"$6,500,000","$6,500,000",7.98%,"$7,500,000",-,-
"Gibson
John Gibson",G,"$6,400,000","$6,400,000",7.85%,"$6,400,000",-,-
"Henrique
Adam Henrique",C,"$5,825,000","$5,825,000",7.15%,"$5,825,000",-,-
"Silfverberg
Jakob Silfverberg",RW,"$5,250,000","$5,250,000",6.44%,"$5,250,000",-,-
"Lindholm
Hampus Lindholm",D,"$5,205,556","$5,205,556",6.39%,"$5,250,000",-,-
"Backes
David Backes",C,"$6,000,000","$4,500,000",7.36%,"$1,000,000","$3,000,000",-
"Manson
Josh Manson",D,"$4,100,000","$4,100,000",5.03%,"$4,250,000",-,-
"Rakell
Rickard Rakell",C,"$3,789,444","$3,789,444",4.65%,"$3,800,000",-,-
"Heinen
Danton Heinen",C,"$2,800,000","$2,800,000",3.44%,"$2,825,000",-,-
"Djoos
Christian Djoos",D,"$1,250,000","$1,250,000",1.53%,"$1,250,000",-,-
"Rowney
Carter Rowney",C,"$1,133,333","$1,133,333",1.39%,"$1,000,000",-,-
"Miller
Ryan Miller",G,"$1,125,000","$1,125,000",1.38%,"$1,125,000",-,-
"Deslauriers
Nicolas Deslauriers",LW,"$950,000","$950,000",1.17%,"$850,000","$100,000",-
"Milano
Sonny Milano",LW,"$874,125","$874,125",1.07%,"$874,125",-,-
"Steel
Sam Steel",C,"$863,333","$863,333",1.06%,"$832,500",-,-
"Larsson
Jacob Larsson",D,"$894,166","$821,997",1.10%,"$832,500",-,-
"Del Zotto
Michael Del Zotto",D,"$750,000","$750,000",0.92%,"$750,000",-,-
"Jones
Max Jones",LW,"$863,333","$738,010",1.06%,"$832,500",-,-
"Irwin
Matt Irwin",D,"$675,000","$675,000",0.83%,"$700,000",-,-
"Agozzino
Andrew Agozzino",LW,"$700,000","$154,283",0.86%,"$700,000",-,-
