Player (9),Pos,"Cap Hit
Total","Cap Hit
Adjusted","Cap Hit Pct
League Cap",,,
"Fasth
Viktor Fasth",G,"$2,290,256","$2,290,256",3.56%,,,
"Penner
Dustin Penner",RW,"$1,579,487","$1,579,487",2.46%,,,
"Etem
Emerson Etem",LW,"$303,790","$303,790",0.47%,,,
"Jackman
Tim Jackman",RW,"$163,333","$163,333",0.25%,,,
"Rakell
Rickard Rakell",C,"$128,393","$128,393",0.20%,,,
"Holland
Peter Holland",C,"$66,923","$66,923",0.10%,,,
"Yonkman
Nolan Yonkman",D,"$58,462","$58,462",0.09%,,,
"Grant
Alex Grant",D,"$39,487","$39,487",0.06%,,,
"Steckel
David Steckel",LW,"$33,846","$33,846",0.05%,,,
