Player (18),Pos,"Cap Hit
Total","Cap Hit
Adjusted","Cap Hit Pct
League Cap",Base Salary,"Signing Bonus
Proration",Incentives
"Keller
Clayton Keller",C,"$7,150,000","$7,150,000",8.56%,"$6,000,000",-,-
"Schmaltz
Nick Schmaltz",C,"$5,850,000","$5,850,000",7.01%,"$7,500,000",-,-
"Crouse
Lawson Crouse",LW,"$4,300,000","$4,300,000",5.15%,"$4,600,000",-,-
"Kerfoot
Alexander Kerfoot",C,"$3,500,000","$3,500,000",4.19%,"$3,000,000",-,-
"Maccelli
Matias Maccelli",LW,"$3,425,000","$3,425,000",4.10%,"$3,000,000",-,-
"Vejmelka
Karel Vejmelka",G,"$2,725,000","$2,725,000",3.26%,"$3,150,000",-,-
"Bjugstad
Nick Bjugstad",C,"$2,100,000","$2,100,000",2.52%,"$2,100,000",-,-
"Ingram
Connor Ingram",G,"$1,950,000","$1,950,000",2.34%,"$1,750,000",-,-
"Hayton
Barrett Hayton",C,"$1,775,000","$1,775,000",2.13%,"$2,130,000",-,-
"Durzi
Sean Durzi",D,"$1,700,000","$1,700,000",2.04%,"$2,000,000",-,-
"McBain
Jack McBain",C,"$1,599,999","$1,599,999",1.92%,"$1,599,999",-,-
"Brown
Joshua Brown",D,"$1,275,000","$1,275,000",1.53%,"$1,300,000",-,-
"Valimaki
Juuso Valimaki",D,"$1,000,000","$1,000,000",1.20%,"$1,000,000",-,-
"Cooley
Logan Cooley",C,"$950,000","$950,000",1.14%,"$855,000","$95,000","$3,500,000"
"Moser
Janis Moser",D,"$886,667","$886,667",1.06%,"$832,500","$92,500",-
"Dermott
Travis Dermott",D,"$800,000","$800,000",0.96%,"$800,000",-,-
"O'Brien
Liam O'Brien",C,"$775,000","$775,000",0.93%,"$800,000",-,-
"Carcone
Michael Carcone",RW,"$775,000","$775,000",0.93%,"$775,000",-,-
