Player (24),Pos,"Cap Hit
Total","Cap Hit
Adjusted","Cap Hit Pct
League Cap",Base Salary,"Signing Bonus
Proration",Incentives
"Smith
Mike Smith",G,"$5,666,667","$5,666,667",7.94%,"$6,500,000",-,-
"Ekman-Larsson
Oliver Ekman-Larsson",D,"$5,500,000","$5,500,000",7.70%,"$6,000,000",-,-
"Doan
Shane Doan",RW,"$5,300,000","$5,300,000",7.42%,"$4,550,000",-,-
"Goligoski
Alex Goligoski",D,"$4,600,000","$4,600,000",6.44%,"$4,800,000",-,-
"Vermette
Antoine Vermette",C,"$3,750,000","$3,750,000",5.25%,"$3,750,000",-,-
"Michalek
Zbynek Michalek",D,"$3,200,000","$3,200,000",4.48%,"$3,200,000",-,-
"Hanzal
Martin Hanzal",C,"$3,100,000","$3,100,000",4.34%,"$3,500,000",-,-
"Grossman
Nicklas Grossman",D,"$3,500,000","$3,000,000",4.90%,"$3,000,000",-,-
"Gordon
Boyd Gordon",C,"$3,000,000","$3,000,000",4.20%,"$3,000,000",-,-
"Richardson
Brad Richardson",RW,"$2,083,333","$2,083,333",2.92%,"$1,750,000",-,-
"Stone
Michael Stone",D,"$1,150,000","$1,150,000",1.61%,"$1,450,000",-,-
"Tikhonov
Viktor Tikhonov",LW,"$1,040,000","$1,040,000",1.46%,"$1,040,000",-,-
"Chipchura
Kyle Chipchura",C,"$875,000","$875,000",1.23%,"$950,000",-,-
"Domi
Max Domi",LW,"$863,333","$863,333",1.21%,"$925,000","$92,500","$500,000"
"Murphy
Connor Murphy",D,"$863,333","$863,333",1.21%,"$832,500",-,"$212,500"
"Rieder
Tobias Rieder",RW,"$853,333","$853,333",1.20%,"$832,500","$92,500",-
"Duclair
Anthony Duclair",LW,"$772,500","$772,500",1.08%,"$650,000","$92,500","$182,500"
"Tanguay
Alex Tanguay",RW,"$3,500,000","$771,505",4.90%,"$3,500,000",-,-
"Martinook
Jordan Martinook",LW,"$612,500","$612,500",0.86%,"$600,000",-,-
"Domingue
Louis Domingue",G,"$605,000","$393,575",0.85%,"$605,000",-,-
"Tinordi
Jarred Tinordi",D,"$850,500","$393,241",1.19%,"$393,241",-,-
"Connauton
Kevin Connauton",D,"$683,333","$323,298",0.96%,"$378,494",-,-
"Sekac
Jiri Sekac",LW,"$925,000","$213,844",1.30%,"$832,500",-,"$425,000"
"Plotnikov
Sergei Plotnikov",LW,"$925,000","$203,897",1.30%,"$832,500","$92,500","$2,850,000"
