Player (22),Pos,"Cap Hit
Total","Cap Hit
Adjusted","Cap Hit Pct
League Cap",Base Salary,"Signing Bonus
Proration",Incentives
"Ekman-Larsson
Oliver Ekman-Larsson",D,"$8,250,000","$8,250,000",10.12%,"$8,000,000",-,-
"Kessel
Philip Kessel",RW,"$6,800,000","$6,800,000",8.34%,"$7,000,000",-,-
"Stepan
Derek Stepan",C,"$6,500,000","$6,500,000",7.98%,"$5,000,000",-,-
"Schmaltz
Nick Schmaltz",C,"$5,850,000","$5,850,000",7.18%,"$2,500,000","$500,000",-
"Goligoski
Alex Goligoski",D,"$5,475,000","$5,475,000",6.72%,"$5,800,000",-,-
"Hjalmarsson
Niklas Hjalmarsson",D,"$5,000,000","$5,000,000",6.14%,"$6,000,000",-,-
"Soderberg
Carl Soderberg",C,"$4,750,000","$4,750,000",5.83%,"$4,000,000",-,-
"Chychrun
Jakob Chychrun",D,"$4,600,000","$4,600,000",5.64%,"$2,200,000","$400,000",-
"Dvorak
Christian Dvorak",C,"$4,450,000","$4,450,000",5.46%,"$2,950,000","$300,000",-
"Raanta
Antti Raanta",G,"$4,250,000","$4,250,000",5.21%,"$5,000,000",-,-
"Demers
Jason Demers",D,"$3,937,500","$3,937,500",4.83%,"$3,150,000",-,-
"Grabner
Michael Grabner",RW,"$3,350,000","$3,350,000",4.11%,"$3,775,000",-,-
"Hall
Taylor Hall",LW,"$6,000,000","$3,000,000",7.36%,"$6,000,000",-,-
"Crouse
Lawson Crouse",LW,"$1,533,333","$1,533,333",1.88%,"$750,000","$250,000",-
"Hinostroza
Vincent Hinostroza",C,"$1,500,000","$1,500,000",1.84%,"$1,500,000",-,-
"Oesterle
Jordan Oesterle",D,"$1,400,000","$1,400,000",1.72%,"$1,000,000","$200,000",-
"Richardson
Brad Richardson",RW,"$1,250,000","$1,250,000",1.53%,"$1,400,000",-,-
"Keller
Clayton Keller",C,"$885,833","$885,833",1.09%,"$832,500",-,"$850,000"
"Lyubushkin
Ilya Lyubushkin",D,"$874,125","$827,200",1.07%,"$874,125",-,-
"Fischer
Christian Fischer",RW,"$821,666","$821,666",1.01%,"$832,500",-,"$212,500"
"Garland
Conor Garland",RW,"$775,000","$775,000",0.95%,"$750,000",-,-
"Hayton
Barrett Hayton",C,"$894,167","$249,964",1.10%,"$832,500","$92,500","$1,350,000"
