Player (27),Pos,"Cap Hit
Total","Cap Hit
Adjusted","Cap Hit Pct
League Cap",Base Salary,"Signing Bonus
Proration",Incentives
"Smith
Mike Smith",G,"$5,666,667","$5,666,667",8.81%,"$4,000,000",-,-
"Ribeiro
Mike Ribeiro",C,"$5,500,000","$5,500,000",8.55%,"$4,500,000",-,-
"Ekman-Larsson
Oliver Ekman-Larsson",D,"$5,500,000","$5,500,000",8.55%,"$3,500,000",-,-
"Doan
Shane Doan",RW,"$5,300,000","$5,300,000",8.24%,"$5,500,000",-,-
"Yandle
Keith Yandle",D,"$5,250,000","$5,250,000",8.16%,"$5,250,000",-,-
"Michalek
Zbynek Michalek",D,"$4,000,000","$4,000,000",6.22%,"$4,000,000",-,-
"Vermette
Antoine Vermette",C,"$3,750,000","$3,750,000",5.83%,"$3,750,000",-,-
"Hanzal
Martin Hanzal",C,"$3,100,000","$3,100,000",4.82%,"$2,750,000",-,-
"Vrbata
Radim Vrbata",RW,"$3,000,000","$3,000,000",4.67%,"$3,000,000",-,-
"Morris
Derek Morris",D,"$2,750,000","$2,750,000",4.28%,"$2,750,000",-,-
"Boedker
Mikkel Boedker",LW,"$2,550,000","$2,550,000",3.97%,"$2,550,000",-,-
"Korpikoski
Lauri Korpikoski",LW,"$2,500,000","$2,500,000",3.89%,"$2,000,000",-,-
"Moss
David Moss",RW,"$2,100,000","$2,100,000",3.27%,"$2,100,000",-,-
"Schlemko
David Schlemko",D,"$1,187,500","$1,187,500",1.85%,"$1,100,000",-,-
"Stone
Michael Stone",D,"$1,150,000","$1,150,000",1.79%,"$800,000",-,-
"Erat
Martin Erat",RW,"$946,154","$946,154",1.47%,"$3,750,000",-,-
"Chipchura
Kyle Chipchura",C,"$875,000","$875,000",1.36%,"$800,000",-,-
"Greiss
Thomas Greiss",G,"$750,000","$750,000",1.17%,"$750,000",-,-
"Bissonnette
Paul Bissonnette",LW,"$737,500","$737,500",1.15%,"$750,000",-,-
"Klinkhammer
Robert Klinkhammer",C,"$625,000","$625,000",0.97%,"$600,000",-,-
"Halpern
Jeff Halpern",C,"$560,000","$560,000",0.87%,"$600,000",-,-
"Murphy
Connor Murphy",D,"$349,761","$349,761",0.54%,"$832,500","$92,500","$212,500"
"Gormley
Brandon Gormley",D,"$193,846","$193,846",0.30%,"$810,000",-,"$475,000"
"Summers
Chris Summers",D,"$180,513","$180,513",0.28%,"$550,000",-,-
"McMillan
Brandon McMillan",LW,"$178,285","$178,285",0.28%,"$709,500",-,-
"Visentin
Mark Visentin",G,"$89,231","$89,231",0.14%,"$900,000","$90,000",-
"Gaudet
Tyler Gaudet",C,"$9,487","$9,487",0.01%,"$832,500","$92,500",-
