Player (23),Pos,"Cap Hit
Total","Cap Hit
Adjusted","Cap Hit Pct
League Cap",Base Salary,"Signing Bonus
Proration",Incentives
"Doan
Shane Doan",RW,"$5,300,000","$5,300,000",7.55%,"$3,260,769","$2,000,000",-
"Yandle
Keith Yandle",D,"$5,250,000","$5,250,000",7.48%,"$2,926,829",-,-
"Michalek
Zbynek Michalek",D,"$4,000,000","$4,000,000",5.70%,"$2,341,463",-,-
"Vermette
Antoine Vermette",C,"$3,750,000","$3,750,000",5.34%,"$2,195,122",-,-
"Hanzal
Martin Hanzal",C,"$3,100,000","$3,100,000",4.42%,"$1,463,415",-,-
"Vrbata
Radim Vrbata",RW,"$3,000,000","$3,000,000",4.27%,"$1,756,098",-,-
"Klesla
Rostislav Klesla",D,"$2,975,000","$2,975,000",4.24%,"$1,741,463",-,-
"Morris
Derek Morris",D,"$2,750,000","$2,750,000",3.92%,"$1,756,098",-,-
"Moss
David Moss",RW,"$2,100,000","$2,100,000",2.99%,"$1,229,268",-,-
"Lombardi
Matthew Lombardi",C,"$2,000,000","$2,000,000",2.85%,"$1,170,732",-,-
"Smith
Mike Smith",G,"$2,000,000","$2,000,000",2.85%,"$1,170,732",-,-
"Korpikoski
Lauri Korpikoski",LW,"$1,800,000","$1,800,000",2.56%,"$1,082,927",-,-
"Gordon
Boyd Gordon",C,"$1,325,000","$1,325,000",1.89%,"$790,244",-,-
"LaBarbera
Jason LaBarbera",G,"$1,250,000","$1,250,000",1.78%,"$760,976",-,-
"Boedker
Mikkel Boedker",LW,"$1,100,000","$1,100,000",1.57%,"$702,439",-,-
"Ekman-Larsson
Oliver Ekman-Larsson",D,"$900,000","$900,000",1.28%,"$652,153","$90,000","$850,000"
"Gormley
Brandon Gormley",D,"$840,000","$840,000",1.20%,"$900,000","$90,000","$475,000"
"Bissonnette
Paul Bissonnette",LW,"$737,500","$737,500",1.05%,"$424,390",-,-
"Chipchura
Kyle Chipchura",C,"$675,000","$675,000",0.96%,"$395,122",-,-
"Bolduc
Alexandre Bolduc",C,"$650,000","$650,000",0.93%,"$380,488",-,-
"Klinkhammer
Robert Klinkhammer",C,"$650,000","$650,000",0.93%,"$380,488",-,-
"Stone
Michael Stone",D,"$591,666","$591,666",0.84%,"$462,948",-,"$212,500"
"Schlemko
David Schlemko",D,"$550,000","$550,000",0.78%,"$321,951",-,-
