Player (26),Pos,"Cap Hit
Total","Cap Hit
Adjusted","Cap Hit Pct
League Cap",Base Salary,"Signing Bonus
Proration",Incentives
"Ekman-Larsson
Oliver Ekman-Larsson",D,"$8,250,000","$8,250,000",10.12%,"$4,000,000","$4,000,000",-
"Keller
Clayton Keller",C,"$7,150,000","$7,150,000",8.77%,"$2,500,000","$3,000,000",-
"Kessel
Philip Kessel",RW,"$6,800,000","$6,800,000",8.34%,"$1,000,000","$5,000,000",-
"Schmaltz
Nick Schmaltz",C,"$5,850,000","$5,850,000",7.18%,"$3,000,000",-,-
"Goligoski
Alex Goligoski",D,"$5,475,000","$5,475,000",6.72%,"$4,000,000",-,-
"Hjalmarsson
Niklas Hjalmarsson",D,"$5,000,000","$5,000,000",6.14%,"$2,000,000","$2,000,000",-
"Chychrun
Jakob Chychrun",D,"$4,600,000","$4,600,000",5.64%,"$3,300,000",-,-
"Kuemper
Darcy Kuemper",G,"$4,500,000","$4,500,000",5.52%,"$3,500,000",-,-
"Dvorak
Christian Dvorak",C,"$4,450,000","$4,450,000",5.46%,"$3,450,000",-,-
"Raanta
Antti Raanta",G,"$4,250,000","$4,250,000",5.21%,"$2,000,000","$2,000,000",-
"Demers
Jason Demers",D,"$3,937,500","$3,937,500",4.83%,"$3,150,000",-,-
"Pitlick
Tyler Pitlick",RW,"$1,750,000","$1,750,000",2.15%,"$1,300,000",-,-
"Crouse
Lawson Crouse",LW,"$1,533,333","$1,533,333",1.88%,"$1,350,000",-,-
"Oesterle
Jordan Oesterle",D,"$1,400,000","$1,400,000",1.72%,"$1,600,000",-,-
"Larsson
Johan Larsson",LW,"$1,400,000","$1,400,000",1.72%,"$1,400,000",-,-
"Brassard
Derick Brassard",C,"$1,000,000","$1,000,000",1.23%,"$1,000,000",-,-
"Lyubushkin
Ilya Lyubushkin",D,"$1,000,000","$1,000,000",1.23%,"$1,000,000",-,-
"Fischer
Christian Fischer",C,"$1,000,000","$1,000,000",1.23%,"$874,125",-,-
"Hill
Adin Hill",G,"$800,000","$800,000",0.98%,"$800,000",-,-
"Garland
Conor Garland",RW,"$775,000","$775,000",0.95%,"$800,000",-,-
"Hayden
John Hayden",C,"$750,000","$750,000",0.92%,"$750,000",-,-
"Hunt
Dryden Hunt",LW,"$700,000","$289,632",0.86%,"$700,000",-,-
"Fasching
Hudson Fasching",RW,"$737,500","$200,000",0.90%,"$750,000",-,-
"Pederson
Lane Pederson",C,"$735,000","$183,744",0.90%,"$735,000",-,-
"Bunting
Michael Bunting",LW,"$737,500","$178,024",0.90%,"$750,000",-,-
"Ness
Aaron Ness",D,"$725,000","$12,500",0.89%,"$725,000",-,-
