Player (8),Pos,"Cap Hit
Total","Cap Hit
Adjusted","Cap Hit Pct
League Cap",,,,VIA
"Smith
Mike Smith",G,"$1,416,667","$1,416,667",1.89%,,,,
"Etem
Emerson Etem",LW,"$818,030","$818,030",1.09%,,,,
"Rieder
Tobias Rieder",RW,"$333,750","$333,750",0.45%,,,,
"Clendening
Adam Clendening",D,"$104,850","$104,850",0.14%,,,,
"Leighton
Michael Leighton",G,"$27,960","$27,960",0.04%,,,,
"Duclair
Anthony Duclair",LW,-,-,-,,,,
"Wedgewood
Scott Wedgewood",G,-,-,-,,,,
"Domingue
Louis Domingue",G,-,-,-,,,,
