Player (23),Pos,"Cap Hit
Total","Cap Hit
Adjusted","Cap Hit Pct
League Cap",Base Salary,"Signing Bonus
Proration",Incentives
"Stepan
Derek Stepan",C,"$6,500,000","$6,500,000",8.67%,"$7,000,000",-,-
"Ekman-Larsson
Oliver Ekman-Larsson",D,"$5,500,000","$5,500,000",7.33%,"$6,500,000",-,-
"Goligoski
Alex Goligoski",D,"$5,475,000","$5,475,000",7.30%,"$6,100,000",-,-
"Hjalmarsson
Niklas Hjalmarsson",D,"$4,100,000","$4,100,000",5.47%,"$4,000,000",-,-
"Demers
Jason Demers",D,"$3,937,500","$3,937,500",5.25%,"$4,725,000",-,-
"Panik
Richard Panik",RW,"$2,800,000","$2,800,000",3.73%,"$2,800,000",-,-
"Richardson
Brad Richardson",RW,"$2,083,333","$2,083,333",2.78%,"$2,250,000",-,-
"Martinook
Jordan Martinook",LW,"$1,800,000","$1,800,000",2.40%,"$1,750,000",-,-
"Schenn
Luke Schenn",D,"$1,250,000","$1,250,000",1.67%,"$1,500,000",-,-
"Connauton
Kevin Connauton",D,"$1,000,000","$1,000,000",1.33%,"$1,050,000",-,-
"Raanta
Antti Raanta",G,"$1,000,000","$1,000,000",1.33%,"$1,000,000",-,-
"Cousins
Nick Cousins",C,"$1,000,000","$1,000,000",1.33%,"$950,000",-,-
"Chychrun
Jakob Chychrun",D,"$925,000","$925,000",1.23%,"$832,500","$92,500","$425,000"
"Keller
Clayton Keller",C,"$885,833","$885,833",1.18%,"$832,500","$92,500","$662,500"
"Domi
Max Domi",LW,"$863,333","$863,333",1.15%,"$832,500",-,"$500,000"
"Perlini
Brendan Perlini",LW,"$863,333","$863,333",1.15%,"$832,500",-,"$500,000"
"Dvorak
Christian Dvorak",C,"$839,166","$839,166",1.12%,"$800,000","$92,500","$212,500"
"Fischer
Christian Fischer",C,"$821,666","$821,666",1.10%,"$725,000","$92,500","$320,000"
"Rinaldo
Zac Rinaldo",LW,"$700,000","$700,000",0.93%,"$700,000",-,-
"Kuemper
Darcy Kuemper",G,"$650,000","$650,000",0.87%,"$650,000",-,-
"Hamilton
Freddie Hamilton",C,"$612,500","$612,500",0.82%,"$650,000",-,-
"Archibald
Josh Archibald",RW,"$675,000","$393,449",0.90%,"$650,000",-,-
"Dauphin
Laurent Dauphin",C,"$745,000","$164,205",0.99%,"$750,000",-,"$82,500"
