Player (10),Pos,"Cap Hit
Total","Cap Hit
Adjusted","Cap Hit Pct
League Cap",,,,VIA
"Chychrun
Jakob Chychrun",D,"$3,530,811","$3,530,811",4.28%,,,,
"Gostisbehere
Shayne Gostisbehere",D,"$3,429,730","$3,429,730",4.16%,,,,
"Ritchie
Nicholas Ritchie",LW,"$1,932,412","$1,932,412",2.34%,,,,
"Ekman-Larsson
Oliver Ekman-Larsson",D,"$990,000","$990,000",1.20%,,,,
"Stecher
Troy Stecher",D,"$966,206","$966,206",1.17%,,,,
"Bjugstad
Nick Bjugstad",C,"$690,811","$690,811",0.84%,,,,
"Kane
Patrick Kane",RW,"$624,324","$624,324",0.76%,,,,
"Mayo
Dysin Mayo",D,"$364,595","$364,595",0.44%,,,,
"Timmins
Conor Timmins",D,"$197,568","$197,568",0.24%,,,,
"Johansson
Jonas Johansson",G,"$4,054","$4,054",0.00%,,,,
