Player (10),Pos,"Cap Hit
Total","Cap Hit
Adjusted","Cap Hit Pct
League Cap",,,
"Michalek
Zbynek Michalek",D,"$3,559,140","$3,559,140",5.16%,,,
"Vermette
Antoine Vermette",C,"$2,883,065","$2,883,065",4.18%,,,
"Ribeiro
Mike Ribeiro",C,"$1,444,444","$1,444,444",2.09%,,,
"Schlemko
David Schlemko",D,"$515,659","$515,659",0.75%,,,
"McMillan
Brandon McMillan",LW,"$426,747","$426,747",0.62%,,,
"Dubnyk
Devan Dubnyk",G,"$421,505","$421,505",0.61%,,,
"Summers
Chris Summers",D,"$409,677","$409,677",0.59%,,,
"Rundblad
David Rundblad",D,"$211,950","$211,950",0.31%,,,
"Klinkhammer
Robert Klinkhammer",C,"$194,892","$194,892",0.28%,,,
"Bolduc
Alexandre Bolduc",C,"$87,097","$87,097",0.13%,,,
