Player (9),Pos,"Cap Hit
Total","Cap Hit
Adjusted","Cap Hit Pct
League Cap",,,
"Klesla
Rostislav Klesla",D,"$2,050,641","$2,050,641",3.19%,,,
"Rundblad
David Rundblad",D,"$619,949","$619,949",0.96%,,,
"Kennedy
Tim Kennedy",LW,"$358,974","$358,974",0.56%,,,
"Szwarz
Jordan Szwarz",RW,"$242,196","$242,196",0.38%,,,
"Miele
Andy Miele",C,"$69,231","$69,231",0.11%,,,
"Brown
Chris Brown",C,"$65,641","$65,641",0.10%,,,
"Brule
Gilbert Brule",C,"$63,231","$63,231",0.10%,,,
"Lessio
Lucas Lessio",LW,"$34,085","$34,085",0.05%,,,
"Yip
Brandon Yip",LW,"$27,692","$27,692",0.04%,,,
