Player (5),Pos,"Cap Hit
Total","Cap Hit
Adjusted","Cap Hit Pct
League Cap",Base Salary,"Signing Bonus
Proration",Incentives
"Bolland
Dave Bolland",C,"$5,500,000","$5,500,000",6.92%,"$5,500,000",-,-
"Hossa
Marian Hossa",RW,"$5,275,000","$5,275,000",6.64%,"$1,000,000",-,-
"Raanta
Antti Raanta",G,"$4,250,000","$4,250,000",5.35%,"$2,750,000","$1,000,000",-
"Schmaltz
Nick Schmaltz",C,"$925,000","$661,409",1.16%,"$832,500",-,"$850,000"
"Capobianco
Kyle Capobianco",D,"$745,000","$260,349",0.94%,"$675,000","$92,500","$157,500"
