Player (21),Pos,"Cap Hit
Total","Cap Hit
Adjusted","Cap Hit Pct
League Cap",Base Salary,"Signing Bonus
Proration",Incentives
"Smith
Mike Smith",G,"$5,666,667","$5,666,667",8.21%,"$6,000,000",-,-
"Ekman-Larsson
Oliver Ekman-Larsson",D,"$5,500,000","$5,500,000",7.97%,"$4,000,000",-,-
"Doan
Shane Doan",RW,"$5,300,000","$5,300,000",7.68%,"$5,050,000",-,-
"Erat
Martin Erat",RW,"$4,500,000","$4,500,000",6.52%,"$2,250,000",-,-
"Gagner
Sam Gagner",C,"$4,800,000","$3,200,000",6.96%,"$3,400,000",-,-
"Hanzal
Martin Hanzal",C,"$3,100,000","$3,100,000",4.49%,"$3,250,000",-,-
"Boedker
Mikkel Boedker",LW,"$2,550,000","$2,550,000",3.70%,"$2,550,000",-,-
"Korpikoski
Lauri Korpikoski",LW,"$2,500,000","$2,500,000",3.62%,"$2,300,000",-,-
"Murphy
Connor Murphy",D,"$1,313,333","$1,313,333",1.90%,"$832,500",-,"$450,000"
"Stone
Michael Stone",D,"$1,150,000","$1,150,000",1.67%,"$1,200,000",-,-
"Crombeen
Brandon Crombeen",RW,"$1,150,000","$1,150,000",1.67%,"$1,150,000",-,-
"Vitale
Joe Vitale",C,"$1,116,667","$1,116,667",1.62%,"$950,000",-,-
"Chipchura
Kyle Chipchura",C,"$875,000","$875,000",1.27%,"$875,000",-,-
"Rieder
Tobias Rieder",RW,"$821,138","$821,138",1.19%,"$750,000","$92,500","$82,500"
"Moss
David Moss",RW,"$800,000","$800,000",1.16%,"$800,000",-,-
"Campbell
Andrew Campbell",D,"$227,688","$227,688",0.33%,"$550,000",-,-
"Arcobello
Mark Arcobello",C,"$193,548","$193,548",0.28%,"$193,548",-,-
"Moore
John Moore",D,"$192,127","$192,127",0.28%,"$192,127",-,-
"Cunningham
Craig Cunningham",LW,"$132,258","$132,258",0.19%,"$132,258",-,-
"McGinn
Tye McGinn",LW,"$132,258","$132,258",0.19%,"$132,258",-,-
"Szwarz
Jordan Szwarz",RW,"$67,742","$67,742",0.10%,"$625,000",-,-
