Player (9),Pos,"Cap Hit
Total","Cap Hit
Adjusted","Cap Hit Pct
League Cap",,,,VIA
"Kuemper
Darcy Kuemper",G,"$1,000,000","$1,000,000",1.23%,,,,
"Ekman-Larsson
Oliver Ekman-Larsson",D,"$990,000","$990,000",1.21%,,,,
"Larsson
Johan Larsson",LW,"$700,000","$700,000",0.86%,,,,
"Lyubushkin
Ilya Lyubushkin",D,-,-,-,,,,
"Dzingel
Ryan Dzingel",C,-,-,-,,,,
"Wedgewood
Scott Wedgewood",G,-,-,-,,,,
"Hutton
Carter Hutton",G,-,-,-,,,,
"Nash
Riley Nash",C,-,-,-,,,,
"Provolnev
Vladislav Provolnev",D,-,-,-,,,,
