Player (24),Pos,"Cap Hit
Total","Cap Hit
Adjusted","Cap Hit Pct
League Cap",Base Salary,"Signing Bonus
Proration",Incentives
"Stepan
Derek Stepan",C,"$6,500,000","$6,500,000",8.18%,"$6,000,000",-,-
"Ekman-Larsson
Oliver Ekman-Larsson",D,"$5,500,000","$5,500,000",6.92%,"$7,000,000",-,-
"Goligoski
Alex Goligoski",D,"$5,475,000","$5,475,000",6.89%,"$6,100,000",-,-
"Galchenyuk
Alex Galchenyuk",C,"$4,900,000","$4,900,000",6.16%,"$4,900,000",-,-
"Hjalmarsson
Niklas Hjalmarsson",D,"$4,100,000","$4,100,000",5.16%,"$4,000,000",-,-
"Demers
Jason Demers",D,"$3,937,500","$3,937,500",4.95%,"$3,850,000",-,-
"Grabner
Michael Grabner",RW,"$3,350,000","$3,350,000",4.21%,"$2,500,000",-,-
"Panik
Richard Panik",RW,"$2,800,000","$2,800,000",3.52%,"$2,800,000",-,-
"Kuemper
Darcy Kuemper",G,"$1,850,000","$1,850,000",2.33%,"$1,600,000",-,-
"Hinostroza
Vincent Hinostroza",C,"$1,500,000","$1,500,000",1.89%,"$1,100,000","$400,000",-
"Connauton
Kevin Connauton",D,"$1,375,000","$1,375,000",1.73%,"$1,250,000",-,-
"Richardson
Brad Richardson",RW,"$1,250,000","$1,250,000",1.57%,"$1,100,000",-,-
"Cousins
Nick Cousins",C,"$1,000,000","$1,000,000",1.26%,"$1,050,000",-,-
"Chychrun
Jakob Chychrun",D,"$925,000","$925,000",1.16%,"$832,500","$92,500","$425,000"
"Lyubushkin
Ilya Lyubushkin",D,"$925,000","$925,000",1.16%,"$832,500","$92,500","$425,000"
"Crouse
Lawson Crouse",LW,"$894,167","$894,167",1.12%,"$832,500",-,"$850,000"
"Keller
Clayton Keller",C,"$885,833","$885,833",1.11%,"$832,500","$92,500","$850,000"
"Dvorak
Christian Dvorak",C,"$839,166","$839,166",1.06%,"$832,500",-,"$212,500"
"Fischer
Christian Fischer",RW,"$821,666","$821,666",1.03%,"$815,000",-,"$230,000"
"Archibald
Josh Archibald",RW,"$675,000","$675,000",0.85%,"$700,000",-,-
"Oesterle
Jordan Oesterle",D,"$650,000","$650,000",0.82%,"$650,000",-,-
"Kempe
Mario Kempe",LW,"$700,000","$587,028",0.88%,"$700,000",-,-
"Pickard
Calvin Pickard",G,"$800,000","$503,217",1.01%,"$800,000",-,-
"Garland
Conor Garland",RW,"$680,000","$442,376",0.86%,"$650,000",-,"$70,000"
