Player (22),Pos,"Cap Hit
Total","Cap Hit
Adjusted","Cap Hit Pct
League Cap",Base Salary,"Signing Bonus
Proration",Incentives
"Rask
Tuukka Rask",G,"$7,000,000","$7,000,000",10.14%,"$7,500,000",-,-
"Chara
Zdeno Chara",D,"$6,916,667","$6,916,667",10.02%,"$7,000,000",-,-
"Bergeron
Patrice Bergeron",C,"$6,875,000","$6,875,000",9.96%,"$8,750,000",-,-
"Lucic
Milan Lucic",LW,"$6,000,000","$6,000,000",8.70%,"$6,000,000",-,-
"Krejci
David Krejci",C,"$5,250,000","$5,250,000",7.61%,"$5,250,000",-,-
"Marchand
Brad Marchand",LW,"$4,500,000","$4,500,000",6.52%,"$4,500,000",-,-
"Eriksson
Loui Eriksson",RW,"$4,250,000","$4,250,000",6.16%,"$4,500,000",-,-
"Savard
Marc Savard",C,"$4,027,143","$4,027,143",5.84%,"$1,500,000",-,-
"Seidenberg
Dennis Seidenberg",D,"$4,000,000","$4,000,000",5.80%,"$4,000,000",-,-
"Kelly
Chris Kelly",C,"$3,000,000","$3,000,000",4.35%,"$3,500,000",-,-
"Hamilton
Dougie Hamilton",D,"$1,744,167","$1,744,167",2.53%,"$832,500",-,"$850,000"
"Campbell
Gregory Campbell",C,"$1,600,000","$1,600,000",2.32%,"$1,700,000",-,-
"McQuaid
Adam McQuaid",D,"$1,566,667","$1,566,667",2.27%,"$1,800,000",-,-
"Krug
Torey Krug",D,"$1,400,000","$1,400,000",2.03%,"$1,400,000",-,-
"Smith
Reilly Smith",RW,"$1,400,000","$1,400,000",2.03%,"$1,400,000",-,-
"Paille
Daniel Paille",LW,"$1,300,000","$1,300,000",1.88%,"$1,300,000",-,-
"Bartkowski
Matt Bartkowski",D,"$1,250,000","$1,250,000",1.81%,"$1,250,000",-,-
"Soderberg
Carl Soderberg",C,"$1,008,334","$1,008,334",1.46%,"$1,000,000",-,-
"Miller
Kevan Miller",D,"$800,000","$800,000",1.16%,"$750,000",-,-
"Talbot
Maxime Talbot",C,"$1,800,000","$198,387",2.61%,"$275,537",-,-
"Connolly
Brett Connolly",RW,"$187,476","$187,476",0.27%,"$187,825",-,-
"Warsofsky
David Warsofsky",D,"$135,484","$135,484",0.20%,"$600,000",-,-
