Player (23),Pos,"Cap Hit
Total","Cap Hit
Adjusted","Cap Hit Pct
League Cap",Base Salary,"Signing Bonus
Proration",Incentives
"Krejci
David Krejci",C,"$7,250,000","$7,250,000",10.15%,"$7,250,000",-,-
"Rask
Tuukka Rask",G,"$7,000,000","$7,000,000",9.80%,"$7,500,000",-,-
"Chara
Zdeno Chara",D,"$6,916,667","$6,916,667",9.69%,"$7,000,000",-,-
"Bergeron
Patrice Bergeron",C,"$6,875,000","$6,875,000",9.63%,"$8,750,000",-,-
"Marchand
Brad Marchand",LW,"$4,500,000","$4,500,000",6.30%,"$4,500,000",-,-
"Eriksson
Loui Eriksson",RW,"$4,250,000","$4,250,000",5.95%,"$4,500,000",-,-
"Seidenberg
Dennis Seidenberg",D,"$4,000,000","$4,000,000",5.60%,"$4,000,000","$500,000",-
"Beleskey
Matt Beleskey",LW,"$3,800,000","$3,800,000",5.32%,"$4,000,000",-,-
"Krug
Torey Krug",D,"$3,400,000","$3,400,000",4.76%,"$3,400,000",-,-
"McQuaid
Adam McQuaid",D,"$2,750,000","$2,750,000",3.85%,"$3,000,000",-,-
"Hayes
Jimmy Hayes",RW,"$2,300,000","$2,300,000",3.22%,"$2,000,000",-,-
"Connolly
Brett Connolly",RW,"$1,025,000","$1,025,000",1.44%,"$1,025,000",-,-
"Spooner
Ryan Spooner",C,"$950,000","$950,000",1.33%,"$800,000",-,-
"Morrow
Joe Morrow",D,"$863,333","$863,333",1.21%,"$832,500",-,-
"Liles
John-Michael Liles",D,"$3,875,000","$854,166",5.43%,"$2,750,000",-,-
"Pastrnak
David Pastrnak",RW,"$925,000","$850,403",1.30%,"$832,500","$92,500",-
"Miller
Kevan Miller",D,"$800,000","$800,000",1.12%,"$850,000",-,-
"Gustavsson
Jonas Gustavsson",G,"$700,000","$700,000",0.98%,"$700,000",-,-
"Trotman
Zach Trotman",D,"$625,000","$625,000",0.88%,"$650,000",-,-
"Randell
Tyler Randell",RW,"$600,000","$593,548",0.84%,"$600,000",-,-
"Cross
Tommy Cross",D,"$600,000","$453,288",0.84%,"$600,000",-,-
"Ferraro
Landon Ferraro",C,"$600,000","$451,612",0.84%,"$600,000",-,-
"Stempniak
Lee Stempniak",RW,"$850,000","$187,365",1.19%,"$850,000",-,-
