Player (12),Pos,"Cap Hit
Total","Cap Hit
Adjusted","Cap Hit Pct
League Cap",,,
"Myers
Tyler Myers",D,"$3,725,807","$3,725,807",5.40%,,,
"Stafford
Drew Stafford",RW,"$3,354,838","$3,354,838",4.86%,,,
"Stewart
Chris Stewart",RW,"$3,235,215","$3,235,215",4.69%,,,
"Neuvirth
Michal Neuvirth",G,"$1,948,925","$1,948,925",2.82%,,,
"Mitchell
Torrey Mitchell",C,"$1,325,269","$1,325,269",1.92%,,,
"Enroth
Jhonas Enroth",G,"$846,775","$846,775",1.23%,,,
"Flynn
Brian Flynn",RW,"$496,976","$496,976",0.72%,,,
"Gerbe
Nathan Gerbe",LW,"$308,333","$308,333",0.45%,,,
"Adam
Luke Adam",LW,"$13,978","$13,978",0.02%,,,
"Armia
Joel Armia",RW,"$4,849","$4,849",0.01%,,,
"Leino
Ville Leino",LW,-,-,-,,,
"Ehrhoff
Christian Ehrhoff",D,-,-,-,,,
