Player (21),Pos,"Cap Hit
Total","Cap Hit
Adjusted","Cap Hit Pct
League Cap",Base Salary,"Signing Bonus
Proration",Incentives
"O'Reilly
Ryan O'Reilly",C,"$7,500,000","$7,500,000",10.00%,"$1,000,000","$8,000,000",-
"Okposo
Kyle Okposo",RW,"$6,000,000","$6,000,000",8.00%,"$1,000,000","$7,000,000",-
"Pominville
Jason Pominville",RW,"$5,600,000","$5,600,000",7.47%,"$2,500,000","$2,500,000",-
"Ristolainen
Rasmus Ristolainen",D,"$5,400,000","$5,400,000",7.20%,"$5,400,000",-,-
"Lehner
Robin Lehner",G,"$4,000,000","$4,000,000",5.33%,"$4,000,000",-,-
"Scandella
Marco Scandella",D,"$4,000,000","$4,000,000",5.33%,"$4,000,000",-,-
"Gorges
Josh Gorges",D,"$3,900,000","$3,900,000",5.20%,"$3,900,000",-,-
"Johnson
Chad Johnson",G,"$2,500,000","$2,500,000",3.33%,"$2,500,000",-,-
"Beaulieu
Nathan Beaulieu",D,"$2,400,000","$2,400,000",3.20%,"$2,300,000",-,-
"Girgensons
Zemgus Girgensons",C,"$1,600,000","$1,600,000",2.13%,"$1,600,000",-,-
"Larsson
Johan Larsson",LW,"$1,475,000","$1,475,000",1.97%,"$1,400,000",-,-
"Pouliot
Benoit Pouliot",LW,"$1,150,000","$1,150,000",1.53%,"$1,150,000",-,-
"Nolan
Jordan Nolan",C,"$950,000","$950,000",1.27%,"$1,000,000",-,-
"Antipin
Viktor Antipin",D,"$925,000","$925,000",1.23%,"$832,500","$92,500","$850,000"
"Eichel
Jack Eichel",C,"$925,000","$925,000",1.23%,"$832,500","$92,500","$2,850,000"
"Reinhart
Sam Reinhart",C,"$894,167","$894,167",1.19%,"$832,500",-,"$2,650,000"
"Josefson
Jacob Josefson",C,"$700,000","$700,000",0.93%,"$700,000",-,-
"Falk
Justin Falk",D,"$650,000","$650,000",0.87%,"$650,000",-,-
"Rodrigues
Evan Rodrigues",LW,"$650,000","$597,645",0.87%,"$650,000",-,-
"Wilson
Scott Wilson",LW,"$625,000","$423,360",0.83%,"$660,000",-,-
"Mittelstadt
Casey Mittelstadt",C,"$925,000","$69,622",1.23%,"$832,500","$92,500",-
