Player (21),Pos,"Cap Hit
Total","Cap Hit
Adjusted","Cap Hit Pct
League Cap",Base Salary,"Signing Bonus
Proration",Incentives
"Eichel
Jack Eichel",C,"$10,000,000","$10,000,000",12.58%,"$10,000,000",-,-
"Okposo
Kyle Okposo",RW,"$6,000,000","$6,000,000",7.55%,"$3,000,000","$3,000,000",-
"Skinner
Jeff Skinner",LW,"$5,725,000","$5,725,000",7.20%,"$6,000,000",-,-
"Pominville
Jason Pominville",RW,"$5,600,000","$5,600,000",7.04%,"$5,000,000",-,-
"Ristolainen
Rasmus Ristolainen",D,"$5,400,000","$5,400,000",6.79%,"$5,400,000",-,-
"Bogosian
Zach Bogosian",D,"$5,142,857","$5,142,857",6.47%,"$6,000,000",-,-
"Reinhart
Sam Reinhart",C,"$3,650,000","$3,650,000",4.59%,"$3,550,000",-,-
"Sobotka
Vladimir Sobotka",LW,"$3,500,000","$3,500,000",4.40%,"$3,500,000",-,-
"Sheary
Conor Sheary",LW,"$3,000,000","$3,000,000",3.77%,"$3,000,000",-,-
"Hutton
Carter Hutton",G,"$2,750,000","$2,750,000",3.46%,"$2,750,000",-,-
"Hunwick
Matt Hunwick",D,"$2,250,000","$2,250,000",2.83%,"$2,500,000",-,-
"McCabe
Jake McCabe",D,"$1,600,000","$1,600,000",2.01%,"$1,775,000",-,-
"Girgensons
Zemgus Girgensons",C,"$1,600,000","$1,600,000",2.01%,"$1,600,000",-,-
"Larsson
Johan Larsson",LW,"$1,475,000","$1,475,000",1.86%,"$1,550,000",-,-
"Wilson
Scott Wilson",LW,"$1,050,000","$1,050,000",1.32%,"$1,000,000",-,-
"Dahlin
Rasmus Dahlin",D,"$925,000","$925,000",1.16%,"$832,500","$92,500","$2,850,000"
"Mittelstadt
Casey Mittelstadt",C,"$925,000","$925,000",1.16%,"$832,500","$92,500","$850,000"
"Nelson
Casey Nelson",D,"$812,500","$812,500",1.02%,"$800,000",-,-
"Montour
Brandon Montour",D,"$3,387,500","$764,904",4.26%,"$3,250,000",-,-
"Ullmark
Linus Ullmark",G,"$750,000","$750,000",0.94%,"$800,000",-,-
"Rodrigues
Evan Rodrigues",LW,"$650,000","$650,000",0.82%,"$650,000",-,-
