Player (21),Pos,"Cap Hit
Total","Cap Hit
Adjusted","Cap Hit Pct
League Cap",,,
"Miller
Ryan Miller",G,"$5,096,154","$5,096,154",7.93%,,,
"Ott
Steve Ott",C,"$2,269,231","$2,269,231",3.53%,,,
"Vanek
Thomas Vanek",LW,"$2,159,524","$2,159,524",3.36%,,,
"Moulson
Matt Moulson",LW,"$2,072,821","$2,072,821",3.22%,,,
"McCormick
Cody McCormick",C,"$953,846","$953,846",1.48%,,,
"Pominville
Jason Pominville",RW,"$795,000","$795,000",1.24%,,,
"Pysyk
Mark Pysyk",D,"$499,692","$499,692",0.78%,,,
"Kaleta
Patrick Kaleta",RW,"$481,538","$481,538",0.75%,,,
"Klesla
Rostislav Klesla",D,"$420,513","$420,513",0.65%,,,
"Grigorenko
Mikhail Grigorenko",C,"$360,513","$360,513",0.56%,,,
"Ristolainen
Rasmus Ristolainen",D,"$346,282","$346,282",0.54%,,,
"Larsson
Johan Larsson",LW,"$285,761","$285,761",0.44%,,,
"Porter
Kevin Porter",LW,"$168,141","$168,141",0.26%,,,
"McNabb
Brayden McNabb",D,"$165,000","$165,000",0.26%,,,
"Omark
Linus Omark",LW,"$153,846","$153,846",0.24%,,,
"Zadorov
Nikita Zadorov",D,"$147,051","$147,051",0.23%,,,
"Adam
Luke Adam",LW,"$113,077","$113,077",0.18%,,,
"Halak
Jaroslav Halak",G,"$96,154","$96,154",0.15%,,,
"Tropp
Corey Tropp",RW,"$77,000","$77,000",0.12%,,,
"Varone
Phil Varone",C,"$48,137","$48,137",0.07%,,,
"Gerbe
Nathan Gerbe",LW,"$-91,667",-,-0.14%,,,
