Player (25),Pos,"Cap Hit
Total","Cap Hit
Adjusted","Cap Hit Pct
League Cap",Base Salary,"Signing Bonus
Proration",Incentives
"Tkachuk
Matthew Tkachuk",LW,"$7,000,000","$7,000,000",8.59%,"$3,500,000","$3,500,000",-
"Giordano
Mark Giordano",D,"$6,750,000","$6,750,000",8.28%,"$6,750,000",-,-
"Gaudreau
Johnny Gaudreau",LW,"$6,750,000","$6,750,000",8.28%,"$3,250,000","$3,500,000",-
"Monahan
Sean Monahan",C,"$6,375,000","$6,375,000",7.82%,"$2,500,000","$3,500,000",-
"Markstrom
Jacob Markstrom",G,"$6,000,000","$6,000,000",7.36%,"$4,000,000",-,-
"Backlund
Mikael Backlund",C,"$5,350,000","$5,350,000",6.56%,"$4,350,000",-,-
"Lucic
Milan Lucic",LW,"$6,000,000","$5,250,000",7.36%,"$1,000,000","$3,000,000",-
"Hanifin
Noah Hanifin",D,"$4,950,000","$4,950,000",6.07%,"$4,950,000",-,-
"Lindholm
Elias Lindholm",C,"$4,850,000","$4,850,000",5.95%,"$3,850,000",-,-
"Andersson
Rasmus Andersson",D,"$4,550,000","$4,550,000",5.58%,"$5,050,000",-,-
"Tanev
Chris Tanev",D,"$4,500,000","$4,500,000",5.52%,"$3,500,000",-,-
"Ryan
Derek Ryan",C,"$3,125,000","$3,125,000",3.83%,"$3,125,000",-,-
"Mangiapane
Andrew Mangiapane",LW,"$2,425,000","$2,425,000",2.98%,"$2,400,000",-,-
"Valimaki
Juuso Valimaki",D,"$894,166","$894,166",1.10%,"$832,500",-,"$425,000"
"Leivo
Josh Leivo",LW,"$875,000","$875,000",1.07%,"$875,000",-,-
"Dube
Dillon Dube",C,"$778,333","$778,333",0.96%,"$800,000",-,-
"Nesterov
Nikita Nesterov",D,"$700,000","$700,000",0.86%,"$700,000",-,-
"Nordstrom
Joakim Nordstrom",LW,"$700,000","$700,000",0.86%,"$700,000",-,-
"Ritchie
Brett Ritchie",RW,"$700,000","$452,550",0.86%,"$700,000",-,-
"Stone
Michael Stone",D,"$700,000","$271,530",0.86%,"$700,000",-,-
"Robinson
Buddy Robinson",RW,"$700,000","$265,496",0.86%,"$700,000",-,-
"Kylington
Oliver Kylington",D,"$787,500","$203,670",0.97%,"$787,500",-,-
"Domingue
Louis Domingue",G,"$700,000","$156,884",0.86%,"$700,000",-,-
"Froese
Byron Froese",C,"$725,000","$106,250",0.89%,"$700,000",-,-
"Gawdin
Glenn Gawdin",C,"$700,000","$18,102",0.86%,"$700,000",-,-
