Player (23),Pos,"Cap Hit
Total","Cap Hit
Adjusted","Cap Hit Pct
League Cap",Base Salary,"Signing Bonus
Proration",Incentives
"Kadri
Nazem Kadri",C,"$7,000,000","$7,000,000",8.48%,"$4,500,000","$2,500,000",-
"Markstrom
Jacob Markstrom",G,"$6,000,000","$6,000,000",7.27%,"$8,000,000",-,-
"Huberdeau
Jonathan Huberdeau",LW,"$5,900,000","$5,900,000",7.15%,"$4,200,000","$2,000,000",-
"Mangiapane
Andrew Mangiapane",LW,"$5,800,000","$5,800,000",7.03%,"$4,800,000","$1,000,000",-
"Backlund
Mikael Backlund",C,"$5,350,000","$5,350,000",6.48%,"$5,350,000",-,-
"Lucic
Milan Lucic",LW,"$6,000,000","$5,250,000",7.27%,"$1,000,000","$3,000,000",-
"Hanifin
Noah Hanifin",D,"$4,950,000","$4,950,000",6.00%,"$4,950,000",-,-
"Coleman
Blake Coleman",C,"$4,900,000","$4,900,000",5.94%,"$4,900,000",-,-
"Lindholm
Elias Lindholm",C,"$4,850,000","$4,850,000",5.88%,"$3,850,000",-,-
"Andersson
Rasmus Andersson",D,"$4,550,000","$4,550,000",5.52%,"$4,550,000",-,-
"Tanev
Chris Tanev",D,"$4,500,000","$4,500,000",5.45%,"$4,500,000",-,-
"Toffoli
Tyler Toffoli",RW,"$4,250,000","$4,250,000",5.15%,"$5,125,000",-,-
"Zadorov
Nikita Zadorov",D,"$3,750,000","$3,750,000",4.55%,"$3,750,000",-,-
"Weegar
MacKenzie Weegar",D,"$3,250,000","$3,250,000",3.94%,"$4,750,000",-,-
"Dube
Dillon Dube",C,"$2,300,000","$2,300,000",2.79%,"$2,300,000",-,-
"Lewis
Trevor Lewis",C,"$800,000","$800,000",0.97%,"$800,000",-,-
"Ruzicka
Adam Ruzicka",C,"$762,500","$762,500",0.92%,"$750,000",-,-
"Vladar
Daniel Vladar",G,"$750,000","$750,000",0.91%,"$800,000",-,-
"Stone
Michael Stone",D,"$750,000","$745,946",0.91%,"$750,000",-,-
"Ritchie
Nicholas Ritchie",LW,"$2,500,000","$567,588",3.03%,"$3,300,000",-,-
"Gilbert
Dennis Gilbert",D,"$762,500","$403,919",0.92%,"$750,000",-,-
"Stecher
Troy Stecher",D,"$1,250,000","$283,794",1.52%,"$1,250,000",-,-
"Coronato
Matthew Coronato",RW,"$925,000","$90,000",1.12%,"$832,500","$92,500",-
