Player (12),Pos,"Cap Hit
Total","Cap Hit
Adjusted","Cap Hit Pct
League Cap",,,
"Stempniak
Lee Stempniak",RW,"$1,987,179","$1,987,179",3.09%,,,
"Berra
Reto Berra",G,"$540,513","$540,513",0.84%,,,
"Smith
Derek Smith",D,"$425,256","$425,256",0.66%,,,
"Baertschi
Sven Baertschi",LW,"$330,154","$330,154",0.51%,,,
"Jones
Blair Jones",C,"$266,667","$266,667",0.41%,,,
"Hanowski
Ben Hanowski",LW,"$189,231","$189,231",0.29%,,,
"Street
Ben Street",RW,"$126,795","$126,795",0.20%,,,
"Ortio
Joni Ortio",G,"$117,167","$117,167",0.18%,,,
"Reinhart
Max Reinhart",C,"$69,761","$69,761",0.11%,,,
"Knight
Corban Knight",C,"$55,385","$55,385",0.09%,,,
"MacDermid
Lane MacDermid",LW,"$20,308","$20,308",0.03%,,,
"Horak
Roman Horak",LW,"$12,615","$12,615",0.02%,,,
