Player (23),Pos,"Cap Hit
Total","Cap Hit
Adjusted","Cap Hit Pct
League Cap",Base Salary,"Signing Bonus
Proration",Incentives
"Huberdeau
Jonathan Huberdeau",LW,"$10,500,000","$10,500,000",12.57%,"$3,500,000","$7,000,000",-
"Kadri
Nazem Kadri",C,"$7,000,000","$7,000,000",8.38%,"$4,500,000","$2,500,000",-
"Weegar
MacKenzie Weegar",D,"$6,250,000","$6,250,000",7.49%,"$4,250,000","$2,000,000",-
"Markstrom
Jacob Markstrom",G,"$6,000,000","$6,000,000",7.19%,"$8,000,000",-,-
"Mangiapane
Andrew Mangiapane",LW,"$5,800,000","$5,800,000",6.95%,"$5,800,000",-,-
"Kuzmenko
Andrei Kuzmenko",LW,"$5,500,000","$5,500,000",6.59%,"$3,500,000","$2,000,000",-
"Backlund
Mikael Backlund",C,"$5,350,000","$5,350,000",6.41%,"$5,350,000",-,-
"Coleman
Blake Coleman",C,"$4,900,000","$4,900,000",5.87%,"$5,900,000",-,-
"Andersson
Rasmus Andersson",D,"$4,550,000","$4,550,000",5.45%,"$4,550,000",-,-
"Sharangovich
Yegor Sharangovich",C,"$3,100,000","$3,100,000",3.71%,"$3,100,000",-,-
"Kylington
Oliver Kylington",D,"$2,500,000","$2,500,000",2.99%,"$2,500,000",-,-
"Vladar
Daniel Vladar",G,"$2,200,000","$2,200,000",2.63%,"$2,200,000",-,-
"Rooney
Kevin Rooney",C,"$1,300,000","$1,300,000",1.56%,"$1,300,000",-,-
"Zary
Connor Zary",C,"$863,333","$795,940",1.03%,"$832,500",-,-
"Duehr
Walker Duehr",RW,"$825,000","$794,696",0.99%,"$775,000",-,-
"Okhotyuk
Nikita Okhotyuk",D,"$789,167","$789,167",0.95%,"$832,500",-,-
"Gilbert
Dennis Gilbert",D,"$762,500","$762,500",0.91%,"$775,000",-,-
"Greer
A.J. Greer",LW,"$762,500","$762,500",0.91%,"$775,000",-,-
"Pospisil
Martin Pospisil",C,"$775,000","$673,628",0.93%,"$775,000",-,-
"Hunt
Dryden Hunt",LW,"$775,000","$400,000",0.93%,"$775,000",-,-
"Pachal
Brayden Pachal",D,"$775,000","$300,214",0.93%,"$775,000",-,-
"Hanley
Joel Hanley",D,"$787,500","$195,032",0.94%,"$775,000",-,-
"Miromanov
Daniil Miromanov",D,"$762,500","$167,664",0.91%,"$775,000",-,-
