Player (25),Pos,"Cap Hit
Total","Cap Hit
Adjusted","Cap Hit Pct
League Cap",Base Salary,"Signing Bonus
Proration",Incentives
"Tkachuk
Matthew Tkachuk",LW,"$7,000,000","$7,000,000",8.59%,"$9,000,000",-,-
"Gaudreau
Johnny Gaudreau",LW,"$6,750,000","$6,750,000",8.28%,"$6,750,000",-,-
"Markstrom
Jacob Markstrom",G,"$6,000,000","$6,000,000",7.36%,"$4,000,000",-,-
"Backlund
Mikael Backlund",C,"$5,350,000","$5,350,000",6.56%,"$5,350,000",-,-
"Lucic
Milan Lucic",LW,"$6,000,000","$5,250,000",7.36%,"$2,500,000","$2,500,000",-
"Hanifin
Noah Hanifin",D,"$4,950,000","$4,950,000",6.07%,"$4,950,000",-,-
"Coleman
Blake Coleman",C,"$4,900,000","$4,900,000",6.01%,"$2,900,000","$1,000,000",-
"Lindholm
Elias Lindholm",C,"$4,850,000","$4,850,000",5.95%,"$5,850,000",-,-
"Andersson
Rasmus Andersson",D,"$4,550,000","$4,550,000",5.58%,"$4,050,000",-,-
"Tanev
Chris Tanev",D,"$4,500,000","$4,500,000",5.52%,"$5,500,000",-,-
"Toffoli
Tyler Toffoli",RW,"$4,250,000","$4,250,000",5.21%,"$5,125,000",-,-
"Zadorov
Nikita Zadorov",D,"$3,750,000","$3,750,000",4.60%,"$3,750,000",-,-
"Mangiapane
Andrew Mangiapane",LW,"$2,425,000","$2,425,000",2.98%,"$2,450,000",-,-
"Dube
Dillon Dube",C,"$2,300,000","$2,300,000",2.82%,"$2,200,000",-,-
"Gudbranson
Erik Gudbranson",D,"$1,950,000","$1,950,000",2.39%,"$1,950,000",-,-
"Jarnkrok
Calle Jarnkrok",C,"$2,000,000","$1,000,000",2.45%,"$2,000,000",-,-
"Carpenter
Ryan Carpenter",C,"$1,000,000","$1,000,000",1.23%,"$800,000",-,-
"Ritchie
Brett Ritchie",RW,"$900,000","$900,000",1.10%,"$900,000",-,-
"Lewis
Trevor Lewis",C,"$800,000","$800,000",0.98%,"$800,000",-,-
"Lewis
Ty Lewis",LW,"$800,000","$800,000",0.98%,"$800,000",-,-
"Kylington
Oliver Kylington",D,"$750,000","$750,000",0.92%,"$750,000",-,-
"Stone
Michael Stone",D,"$750,000","$750,000",0.92%,"$750,000",-,-
"Vladar
Daniel Vladar",G,"$750,000","$750,000",0.92%,"$750,000",-,-
"Ruzicka
Adam Ruzicka",C,"$801,666","$456,912",0.98%,"$750,000","$85,000","$15,000"
"Mackey
Connor Mackey",D,"$912,500","$132,327",1.12%,"$750,000","$150,000",-
