Player (23),Pos,"Cap Hit
Total","Cap Hit
Adjusted","Cap Hit Pct
League Cap",Base Salary,"Signing Bonus
Proration",Incentives
"Staal
Jordan Staal",C,"$6,000,000","$6,000,000",7.55%,"$6,000,000",-,-
"Hamilton
Dougie Hamilton",D,"$5,750,000","$5,750,000",7.23%,"$5,750,000",-,-
"Slavin
Jaccob Slavin",D,"$5,300,000","$5,300,000",6.67%,"$5,500,000",-,-
"Faulk
Justin Faulk",D,"$4,833,333","$4,833,333",6.08%,"$6,000,000",-,-
"de Haan
Calvin de Haan",D,"$4,550,000","$4,550,000",5.72%,"$4,000,000",-,-
"Williams
Justin Williams",RW,"$4,500,000","$4,500,000",5.66%,"$4,000,000",-,-
"Pesce
Brett Pesce",D,"$4,025,000","$4,025,000",5.06%,"$4,025,000",-,-
"Teravainen
Teuvo Teravainen",C,"$2,860,000","$2,860,000",3.60%,"$2,860,000",-,-
"Van Riemsdyk
Trevor Van Riemsdyk",D,"$2,300,000","$2,300,000",2.89%,"$2,100,000",-,-
"Niederreiter
Nino Niederreiter",RW,"$5,250,000","$2,258,080",6.60%,"$6,075,000",-,-
"Martinook
Jordan Martinook",LW,"$1,800,000","$1,800,000",2.26%,"$1,850,000",-,-
"Ferland
Micheal Ferland",LW,"$1,750,000","$1,750,000",2.20%,"$1,800,000",-,-
"Mrazek
Petr Mrazek",G,"$1,500,000","$1,500,000",1.89%,"$1,500,000",-,-
"Aho
Sebastian Aho",LW,"$925,000","$925,000",1.16%,"$832,500","$92,500","$850,000"
"Svechnikov
Andrei Svechnikov",RW,"$925,000","$925,000",1.16%,"$832,500","$92,500","$2,650,000"
"McGinn
Brock McGinn",LW,"$887,500","$887,500",1.12%,"$900,000",-,-
"McElhinney
Curtis McElhinney",G,"$850,000","$850,000",1.07%,"$850,000",-,-
"Foegele
Warren Foegele",LW,"$746,667","$746,667",0.94%,"$650,000","$80,000","$70,000"
"Wallmark
Lucas Wallmark",C,"$675,000","$675,000",0.85%,"$650,000",-,-
"Fleury
Haydn Fleury",D,"$863,333","$519,904",1.09%,"$832,500",-,"$850,000"
"Maenalanen
Saku Maenalanen",RW,"$925,000","$487,354",1.16%,"$832,500","$92,500","$350,000"
"McKegg
Greg McKegg",C,"$715,000","$357,492",0.90%,"$715,000",-,-
"Bean
Jake Bean",D,"$863,333","$41,774",1.09%,"$832,500","$92,500",-
