Player (20),Pos,"Cap Hit
Total","Cap Hit
Adjusted","Cap Hit Pct
League Cap",Base Salary,"Signing Bonus
Proration",Incentives
"Staal
Jordan Staal",C,"$6,000,000","$6,000,000",8.00%,"$6,000,000",-,-
"Skinner
Jeff Skinner",LW,"$5,725,000","$5,725,000",7.63%,"$6,000,000",-,-
"Faulk
Justin Faulk",D,"$4,833,333","$4,833,333",6.44%,"$5,500,000",-,-
"Williams
Justin Williams",RW,"$4,500,000","$4,500,000",6.00%,"$5,000,000",-,-
"Darling
Scott Darling",G,"$4,150,000","$4,150,000",5.53%,"$4,750,000",-,-
"Rask
Victor Rask",C,"$4,000,000","$4,000,000",5.33%,"$4,000,000",-,-
"Ward
Cam Ward",G,"$3,300,000","$3,300,000",4.40%,"$3,100,000",-,-
"Teravainen
Teuvo Teravainen",C,"$2,860,000","$2,860,000",3.81%,"$2,860,000",-,-
"Lindholm
Elias Lindholm",C,"$2,700,000","$2,700,000",3.60%,"$2,900,000",-,-
"Stempniak
Lee Stempniak",RW,"$2,500,000","$2,500,000",3.33%,"$2,500,000",-,-
"Ryan
Derek Ryan",C,"$1,425,000","$1,425,000",1.90%,"$1,425,000",-,-
"Nordstrom
Joakim Nordstrom",LW,"$1,275,000","$1,275,000",1.70%,"$1,300,000",-,-
"Hanifin
Noah Hanifin",D,"$925,000","$925,000",1.23%,"$832,500","$92,500","$2,850,000"
"McGinn
Brock McGinn",LW,"$887,500","$887,500",1.18%,"$875,000",-,-
"Dahlbeck
Klas Dahlbeck",D,"$850,000","$850,000",1.13%,"$850,000",-,-
"Van Riemsdyk
Trevor Van Riemsdyk",D,"$825,000","$825,000",1.10%,"$900,000",-,-
"Aho
Sebastian Aho",LW,"$925,000","$810,599",1.23%,"$832,500","$92,500","$850,000"
"Pesce
Brett Pesce",D,"$809,166","$809,166",1.08%,"$800,000","$92,500",-
"Slavin
Jaccob Slavin",D,"$742,500","$742,500",0.99%,"$832,500","$92,500",-
"di Giuseppe
Phillip di Giuseppe",LW,"$725,000","$573,006",0.97%,"$725,000",-,-
