Player (13),Pos,"Cap Hit
Total","Cap Hit
Adjusted","Cap Hit Pct
League Cap",,,
"Gleason
Tim Gleason",D,"$1,887,179","$1,887,179",2.94%,,,
"Jokinen
Jussi Jokinen",LW,"$900,000","$900,000",1.40%,,,
"Murphy
Ryan Murphy",D,"$615,402","$615,402",0.96%,,,
"Welsh
Jeremy Welsh",LW,"$340,000","$340,000",0.53%,,,
"Westgarth
Kevin Westgarth",LW,"$334,615","$334,615",0.52%,,,
"Sutter
Brett Sutter",LW,"$129,231","$129,231",0.20%,,,
"Joslin
Derek Joslin",D,"$125,000","$125,000",0.19%,,,
"Murphy
Mike Murphy",G,"$67,692","$67,692",0.11%,,,
"Terry
Chris Terry",RW,"$57,885","$57,885",0.09%,,,
"Boychuk
Zach Boychuk",RW,"$50,769","$50,769",0.08%,,,
"Palushaj
Aaron Palushaj",RW,"$15,385","$15,385",0.02%,,,
"Corrente
Matthew Corrente",D,"$2,821","$2,821",0.00%,,,
"Jordan
Michal Jordan",D,"$2,821","$2,821",0.00%,,,
