Player (10),Pos,"Cap Hit
Total","Cap Hit
Adjusted","Cap Hit Pct
League Cap",,,
"Kostka
Mike Kostka",D,"$464,744","$464,744",0.72%,,,
"Pirri
Brandon Pirri",C,"$202,940","$202,940",0.32%,,,
"Bouchard
Pierre-Marc Bouchard",C,"$181,923","$181,923",0.28%,,,
"LaBarbera
Jason LaBarbera",G,"$122,436","$122,436",0.19%,,,
"Teravainen
Teuvo Teravainen",C,"$94,872","$94,872",0.15%,,,
"Mills
Brad Mills",RW,"$59,231","$59,231",0.09%,,,
"Hayes
Jimmy Hayes",RW,"$36,902","$36,902",0.06%,,,
"Simpson
Kent Simpson",G,"$32,393","$32,393",0.05%,,,
"Broadhurst
Alex Broadhurst",C,"$3,299","$3,299",0.01%,,,
"Olesz
Rostislav Olesz",LW,-,-,-,,,
