Player (21),Pos,"Cap Hit
Total","Cap Hit
Adjusted","Cap Hit Pct
League Cap",Base Salary,"Signing Bonus
Proration",Incentives
"Jones
Seth Jones",D,"$9,500,000","$9,500,000",11.38%,"$7,500,000","$5,000,000",-
"Johnson
Tyler Johnson",C,"$5,000,000","$5,000,000",5.99%,"$4,750,000",-,-
"Zaitsev
Nikita Zaitsev",D,"$4,500,000","$4,500,000",5.39%,"$2,500,000","$2,000,000",-
"Murphy
Connor Murphy",D,"$4,400,000","$4,400,000",5.27%,"$5,800,000",-,-
"Athanasiou
Andreas Athanasiou",C,"$4,250,000","$4,250,000",5.09%,"$4,250,000",-,-
"Foligno
Nick Foligno",LW,"$4,000,000","$4,000,000",4.79%,"$4,000,000",-,-
"Mrazek
Petr Mrazek",G,"$3,800,000","$3,800,000",4.55%,"$4,400,000",-,-
"Dickinson
Jason Dickinson",C,"$2,650,000","$2,650,000",3.17%,"$3,250,000",-,-
"Kurashev
Philipp Kurashev",C,"$2,250,000","$2,250,000",2.69%,"$2,250,000",-,-
"Donato
Ryan Donato",C,"$2,000,000","$2,000,000",2.40%,"$2,000,000",-,-
"Tinordi
Jarred Tinordi",D,"$1,250,000","$1,250,000",1.50%,"$1,250,000",-,-
"Blackwell
Colin Blackwell",C,"$1,200,000","$1,200,000",1.44%,"$1,200,000",-,-
"Söderblom
Arvid Söderblom",G,"$962,500","$962,500",1.15%,"$775,000","$150,000",-
"Bedard
Connor Bedard",C,"$950,000","$950,000",1.14%,"$855,000","$95,000","$3,500,000"
"Korchinski
Kevin Korchinski",D,"$918,333","$918,333",1.10%,"$855,000","$95,000","$1,000,000"
"Vlasic
Alex Vlasic",D,"$916,667","$916,667",1.10%,"$775,000","$92,500","$850,000"
"Johnson
Reese Johnson",RW,"$800,000","$800,000",0.96%,"$850,000",-,-
"Entwistle
Mackenzie Entwistle",RW,"$800,000","$800,000",0.96%,"$800,000",-,-
"Raddysh
Taylor Raddysh",RW,"$758,333","$758,333",0.91%,"$775,000",-,-
"Anderson
Joseph Anderson",RW,"$800,000","$615,636",0.96%,"$800,000",-,-
"Megna
Jaycob Megna",D,"$762,500","$430,148",0.91%,"$775,000",-,-
