Player (24),Pos,"Cap Hit
Total","Cap Hit
Adjusted","Cap Hit Pct
League Cap",Base Salary,"Signing Bonus
Proration",Incentives
"Kane
Patrick Kane",RW,"$10,500,000","$10,500,000",14.71%,"$6,800,000","$7,000,000",-
"Toews
Jonathan Toews",C,"$10,500,000","$10,500,000",14.71%,"$6,800,000","$7,000,000",-
"Crawford
Corey Crawford",G,"$6,000,000","$6,000,000",8.40%,"$5,000,000","$1,500,000",-
"Seabrook
Brent Seabrook",D,"$5,800,000","$5,800,000",8.12%,"$5,000,000",-,-
"Keith
Duncan Keith",D,"$5,538,462","$5,538,462",7.76%,"$7,500,000",-,-
"Hossa
Marian Hossa",RW,"$5,275,000","$5,275,000",7.39%,"$7,900,000",-,-
"Hjalmarsson
Niklas Hjalmarsson",D,"$4,100,000","$4,100,000",5.74%,"$3,200,000","$1,000,000",-
"Anisimov
Artem Anisimov",C,"$3,283,333","$3,283,333",4.60%,"$4,000,000",-,-
"Ladd
Andrew Ladd",LW,"$4,400,000","$2,816,000",6.16%,"$4,500,000",-,-
"Shaw
Andrew Shaw",C,"$2,000,000","$2,000,000",2.80%,"$2,500,000",-,-
"Kruger
Marcus Kruger",C,"$1,500,000","$1,500,000",2.10%,"$1,500,000",-,-
"Ehrhoff
Christian Ehrhoff",D,"$1,500,000","$1,275,000",2.10%,"$1,275,000",-,-
"Van Riemsdyk
Trevor Van Riemsdyk",D,"$925,000","$925,000",1.30%,"$832,500","$92,500",-
"Teravainen
Teuvo Teravainen",C,"$894,167","$894,167",1.25%,"$832,500","$92,500","$650,000"
"Panarin
Artemi Panarin",LW,"$812,500","$812,500",1.14%,"$607,500","$92,500","$2,575,000"
"Desjardins
Andrew Desjardins",C,"$800,000","$800,000",1.12%,"$800,000",-,-
"Rozsival
Michal Rozsival",D,"$600,000","$600,000",0.84%,"$600,000",-,-
"Darling
Scott Darling",G,"$587,500","$587,500",0.82%,"$575,000",-,-
"Panik
Richard Panik",RW,"$975,000","$471,780",1.37%,"$975,000",-,-
"Mashinter
Brandon Mashinter",LW,"$562,500","$462,672",0.79%,"$575,000",-,-
"Gustafsson
Erik Gustafsson",D,"$667,500","$434,269",0.93%,"$575,000","$92,500",-
"Svedberg
Viktor Svedberg",D,"$575,000","$241,098",0.81%,"$575,000",-,-
"Fleischmann
Tomas Fleischmann",LW,"$750,000","$177,419",1.05%,"$750,000",-,-
"Weise
Dale Weise",RW,"$1,025,000","$173,588",1.44%,"$1,025,000",-,-
