Player (5),Pos,"Cap Hit
Total","Cap Hit
Adjusted","Cap Hit Pct
League Cap",Base Salary,"Signing Bonus
Proration",Incentives
"Toews
Jonathan Toews",C,"$10,500,000","$10,500,000",12.88%,"$2,000,000","$5,000,000",-
"Seabrook
Brent Seabrook",D,"$6,875,000","$6,875,000",8.44%,"$1,000,000","$4,000,000",-
"Shaw
Andrew Shaw",C,"$3,900,000","$3,900,000",4.79%,"$2,750,000",-,-
"Smith
Zack Smith",C,"$3,250,000","$3,250,000",3.99%,"$3,250,000",-,-
"Nylander
Alexander Nylander",RW,"$863,333","$863,333",1.06%,"$832,500","$850,000",-
