Player (22),Pos,"Cap Hit
Total","Cap Hit
Adjusted","Cap Hit Pct
League Cap",Base Salary,"Signing Bonus
Proration",Incentives
"MacKinnon
Nathan MacKinnon",C,"$12,600,000","$12,600,000",15.09%,"$775,000","$15,725,000",-
"Rantanen
Mikko Rantanen",RW,"$9,250,000","$9,250,000",11.08%,"$9,500,000",-,-
"Makar
Cale Makar",D,"$9,000,000","$9,000,000",10.78%,"$11,000,000",-,-
"Nichushkin
Valeri Nichushkin",RW,"$6,125,000","$6,125,000",7.34%,"$7,500,000",-,-
"Girard
Samuel Girard",D,"$5,000,000","$5,000,000",5.99%,"$5,000,000",-,-
"Lehkonen
Artturi Lehkonen",LW,"$4,500,000","$4,500,000",5.39%,"$5,000,000",-,-
"Manson
Josh Manson",D,"$4,500,000","$4,500,000",5.39%,"$5,000,000",-,-
"Toews
Devon Toews",D,"$4,100,000","$4,100,000",4.91%,"$5,900,000",-,-
"Colton
Ross Colton",C,"$4,000,000","$4,000,000",4.79%,"$4,100,000",-,-
"Georgiev
Alexander Georgiev",G,"$3,400,000","$3,400,000",4.07%,"$3,700,000",-,-
"Walker
Sean Walker",D,"$2,650,000","$2,650,000",3.17%,"$3,350,000",-,-
"Wood
Miles Wood",LW,"$2,500,000","$2,500,000",2.99%,"$3,250,000",-,-
"Mittelstadt
Casey Mittelstadt",C,"$2,500,000","$2,500,000",2.99%,"$2,600,000",-,-
"Trenin
Yakov Trenin",C,"$1,700,000","$1,700,000",2.04%,"$1,700,000",-,-
"Duhaime
Brandon Duhaime",RW,"$1,100,000","$1,100,000",1.32%,"$1,100,000",-,-
"Cogliano
Andrew Cogliano",LW,"$825,000","$825,000",0.99%,"$825,000",-,-
"Drouin
Jonathan Drouin",LW,"$825,000","$825,000",0.99%,"$825,000",-,-
"Johnson
Jack Johnson",D,"$775,000","$775,000",0.93%,"$775,000",-,-
"Jones
Caleb Jones",D,"$775,000","$653,338",0.93%,"$775,000",-,-
"Kiviranta
Joel Kiviranta",LW,"$775,000","$637,106",0.93%,"$775,000",-,-
"Parise
Zach Parise",LW,"$825,000","$345,520",0.99%,"$825,000",-,-
"Annunen
Justus Annunen",G,"$775,000","$324,640",0.93%,"$775,000",-,-
