Player (25),Pos,"Cap Hit
Total","Cap Hit
Adjusted","Cap Hit Pct
League Cap",Base Salary,"Signing Bonus
Proration",Incentives
"Rantanen
Mikko Rantanen",RW,"$9,250,000","$9,250,000",11.35%,"$12,000,000",-,-
"MacKinnon
Nathan MacKinnon",C,"$6,300,000","$6,300,000",7.73%,"$6,750,000",-,-
"Johnson
Erik Johnson",D,"$6,000,000","$6,000,000",7.36%,"$6,000,000",-,-
"Landeskog
Gabriel Landeskog",LW,"$5,571,429","$5,571,429",6.84%,"$6,000,000",-,-
"Kadri
Nazem Kadri",C,"$4,500,000","$4,500,000",5.52%,"$2,500,000","$2,000,000",-
"Cole
Ian Cole",D,"$4,250,000","$4,250,000",5.21%,"$4,750,000",-,-
"Donskoi
Joonas Donskoi",RW,"$3,900,000","$3,900,000",4.79%,"$4,900,000",-,-
"Compher
J.T Compher",C,"$3,500,000","$3,500,000",4.29%,"$3,400,000",-,-
"Grubauer
Phillip Grubauer",G,"$3,333,333","$3,333,333",4.09%,"$3,900,000",-,-
"Namestnikov
Vladislav Namestnikov",C,"$4,000,000","$3,250,000",4.91%,"$4,000,000",-,-
"Burakovsky
Andre Burakovsky",LW,"$3,250,000","$3,250,000",3.99%,"$3,250,000",-,-
"Zadorov
Nikita Zadorov",D,"$3,200,000","$3,200,000",3.93%,"$3,200,000",-,-
"Calvert
Matt Calvert",LW,"$2,850,000","$2,850,000",3.50%,"$2,925,000",-,-
"Nieto
Matt Nieto",LW,"$1,975,000","$1,975,000",2.42%,"$1,975,000",-,-
"Bellemare
Pierre-Edouard Bellemare",LW,"$1,800,000","$1,800,000",2.21%,"$2,150,000",-,-
"Barberio
Mark Barberio",D,"$1,450,000","$1,450,000",1.78%,"$1,450,000",-,-
"Connauton
Kevin Connauton",D,"$1,375,000","$1,375,000",1.69%,"$1,500,000",-,-
"Francouz
Pavel Francouz",G,"$950,000","$950,000",1.17%,"$950,000",-,-
"Jost
Tyson Jost",C,"$885,833","$885,833",1.09%,"$832,500",-,"$850,000"
"Makar
Cale Makar",D,"$880,833","$880,833",1.08%,"$832,500","$92,500","$2,500,000"
"Nichushkin
Valeri Nichushkin",RW,"$850,000","$850,000",1.04%,"$850,000",-,-
"Kamenev
Vladislav Kamenev",C,"$750,000","$750,000",0.92%,"$750,000",-,-
"Graves
Ryan Graves",D,"$735,000","$735,000",0.90%,"$735,000",-,-
"Girard
Samuel Girard",D,"$728,333","$728,333",0.89%,"$700,000",-,"$182,500"
"Hutchinson
Michael Hutchinson",G,"$700,000","$154,283",0.86%,"$700,000",-,-
