Player (23),Pos,"Cap Hit
Total","Cap Hit
Adjusted","Cap Hit Pct
League Cap",Base Salary,"Signing Bonus
Proration",Incentives
"MacKinnon
Nathan MacKinnon",C,"$6,300,000","$6,300,000",8.63%,"$5,000,000",-,-
"Duchene
Matt Duchene",C,"$6,000,000","$6,000,000",8.22%,"$6,000,000",-,-
"Johnson
Erik Johnson",D,"$6,000,000","$6,000,000",8.22%,"$6,000,000",-,-
"Landeskog
Gabriel Landeskog",LW,"$5,571,429","$5,571,429",7.63%,"$5,500,000",-,-
"Barrie
Tyson Barrie",D,"$5,500,000","$5,500,000",7.53%,"$5,000,000",-,-
"Soderberg
Carl Soderberg",C,"$4,750,000","$4,750,000",6.51%,"$4,750,000",-,-
"Beauchemin
Francois Beauchemin",D,"$4,500,000","$4,500,000",6.16%,"$4,500,000",-,-
"Colborne
Joe Colborne",C,"$2,500,000","$2,500,000",3.42%,"$2,500,000",-,-
"Comeau
Blake Comeau",LW,"$2,400,000","$2,400,000",3.29%,"$2,400,000",-,-
"Tyutin
Fedor Tyutin",D,"$2,000,000","$2,000,000",2.74%,"$2,000,000",-,-
"Mitchell
John Mitchell",C,"$1,800,000","$1,800,000",2.47%,"$1,900,000",-,-
"Grigorenko
Mikhail Grigorenko",C,"$1,300,000","$1,300,000",1.78%,"$1,300,000",-,-
"Pickard
Calvin Pickard",G,"$1,000,000","$1,000,000",1.37%,"$925,000",-,-
"Jost
Tyson Jost",C,"$925,000","$925,000",1.27%,"$832,500","$92,500","$637,500"
"Rantanen
Mikko Rantanen",RW,"$894,167","$844,560",1.22%,"$832,500","$92,500","$850,000"
"Wiercioch
Patrick Wiercioch",D,"$800,000","$800,000",1.10%,"$800,000",-,-
"Bourque
Rene Bourque",LW,"$650,000","$650,000",0.89%,"$650,000",-,-
"Goloubef
Cody Goloubef",D,"$750,000","$558,378",1.03%,"$800,000",-,-
"Nieto
Matt Nieto",LW,"$735,000","$387,885",1.01%,"$735,000",-,-
"Andrighetto
Sven Andrighetto",RW,"$335,843","$335,843",0.46%,"$335,843",-,-
"Barberio
Mark Barberio",D,"$750,000","$279,167",1.03%,"$800,000",-,-
"Smith
Jeremy Smith",G,"$675,000","$266,250",0.92%,"$675,000",-,-
"Compher
J.T Compher",C,"$925,000","$205,560",1.27%,"$832,500","$92,500","$50,000"
