Player (25),Pos,"Cap Hit
Total","Cap Hit
Adjusted","Cap Hit Pct
League Cap",Base Salary,"Signing Bonus
Proration",Incentives
"Rantanen
Mikko Rantanen",RW,"$9,250,000","$9,250,000",11.35%,"$12,000,000",-,-
"MacKinnon
Nathan MacKinnon",C,"$6,300,000","$6,300,000",7.73%,"$6,150,000",-,-
"Landeskog
Gabriel Landeskog",LW,"$5,571,429","$5,571,429",6.84%,"$6,500,000",-,-
"Saad
Brandon Saad",LW,"$6,000,000","$5,000,000",7.36%,"$6,500,000",-,-
"Girard
Samuel Girard",D,"$5,000,000","$5,000,000",6.14%,"$5,000,000",-,-
"Burakovsky
Andre Burakovsky",LW,"$4,900,000","$4,900,000",6.01%,"$4,400,000",-,-
"Kadri
Nazem Kadri",C,"$4,500,000","$4,500,000",5.52%,"$2,000,000","$2,000,000",-
"Toews
Devon Toews",D,"$4,100,000","$4,100,000",5.03%,"$2,350,000",-,-
"Donskoi
Joonas Donskoi",RW,"$3,900,000","$3,900,000",4.79%,"$2,900,000",-,-
"Compher
J.T Compher",C,"$3,500,000","$3,500,000",4.29%,"$2,600,000",-,-
"Grubauer
Phillip Grubauer",G,"$3,333,333","$3,333,333",4.09%,"$2,750,000",-,-
"Graves
Ryan Graves",D,"$3,166,666","$3,166,666",3.89%,"$2,500,000",-,-
"Nichushkin
Valeri Nichushkin",RW,"$2,500,000","$2,500,000",3.07%,"$2,200,000",-,-
"Bellemare
Pierre-Edouard Bellemare",LW,"$1,800,000","$1,800,000",2.21%,"$1,450,000",-,-
"Nemeth
Patrik Nemeth",D,"$3,000,000","$1,500,000",3.68%,"$2,800,000",-,-
"Soderberg
Carl Soderberg",C,"$1,000,000","$1,000,000",1.23%,"$1,000,000",-,-
"Makar
Cale Makar",D,"$880,833","$880,833",1.08%,"$832,500","$92,500","$2,500,000"
"Jost
Tyson Jost",C,"$874,125","$874,125",1.07%,"$874,125",-,-
"Timmins
Conor Timmins",D,"$925,000","$613,998",1.14%,"$832,500","$92,500",-
"MacDonald
Jacob MacDonald",D,"$725,000","$493,750",0.89%,"$700,000",-,-
"Johansson
Jonas Johansson",G,"$700,000","$229,292",0.86%,"$700,000",-,-
"O'Brien
Liam O'Brien",C,"$700,000","$193,088",0.86%,"$700,000",-,-
"Sherwood
Kiefer Sherwood",LW,"$750,000","$135,786",0.92%,"$750,000",-,-
"Megna
Jayson Megna",C,"$700,000","$60,340",0.86%,"$700,000",-,-
"Newhook
Alex Newhook",C,"$908,333","$23,490",1.11%,"$782,500","$92,500","$50,000"
