Player (24),Pos,"Cap Hit
Total","Cap Hit
Adjusted","Cap Hit Pct
League Cap",Base Salary,"Signing Bonus
Proration",Incentives
"Duchene
Matt Duchene",C,"$6,000,000","$6,000,000",8.40%,"$6,000,000",-,-
"Varlamov
Semyon Varlamov",G,"$5,900,000","$5,900,000",8.26%,"$6,000,000",-,-
"Landeskog
Gabriel Landeskog",LW,"$5,571,429","$5,571,429",7.80%,"$4,500,000",-,-
"Iginla
Jarome Iginla",RW,"$5,333,333","$5,333,333",7.47%,"$5,500,000",-,-
"Soderberg
Carl Soderberg",C,"$4,750,000","$4,750,000",6.65%,"$5,000,000",-,-
"Beauchemin
Francois Beauchemin",D,"$4,500,000","$4,500,000",6.30%,"$4,500,000",-,-
"Johnson
Erik Johnson",D,"$3,750,000","$3,750,000",5.25%,"$4,250,000",-,-
"Barrie
Tyson Barrie",D,"$2,600,000","$2,600,000",3.64%,"$3,200,000",-,-
"Comeau
Blake Comeau",LW,"$2,400,000","$2,400,000",3.36%,"$2,400,000",-,-
"Mitchell
John Mitchell",C,"$1,800,000","$1,800,000",2.52%,"$1,800,000",-,-
"Holden
Nick Holden",D,"$1,650,000","$1,650,000",2.31%,"$1,500,000",-,-
"McLeod
Cody McLeod",LW,"$1,333,333","$1,333,333",1.87%,"$1,500,000",-,-
"MacKinnon
Nathan MacKinnon",C,"$925,000","$925,000",1.30%,"$832,500","$92,500","$2,850,000"
"Boedker
Mikkel Boedker",LW,"$3,750,000","$826,612",5.25%,"$3,750,000",-,-
"Grigorenko
Mikhail Grigorenko",C,"$675,000","$675,000",0.95%,"$675,000",-,-
"Skille
Jack Skille",RW,"$675,000","$675,000",0.95%,"$675,000",-,-
"Martinsen
Andreas Martinsen",C,"$742,500","$606,784",1.04%,"$650,000","$92,500",-
"Matthias
Shawn Matthias",C,"$2,300,000","$605,913",3.22%,"$800,000","$1,500,000",-
"Redmond
Zach Redmond",D,"$750,000","$604,838",1.05%,"$800,000",-,-
"Pickard
Calvin Pickard",G,"$850,500","$548,760",1.19%,"$850,500",-,-
"Bodnarchuk
Andrew Bodnarchuk",D,"$650,000","$492,741",0.91%,"$492,741",-,-
"Bigras
Chris Bigras",D,"$843,333","$403,526",1.18%,"$772,500","$92,500","$60,000"
"Gelinas
Eric Gelinas",D,"$1,575,000","$347,177",2.21%,"$1,500,000",-,-
"Zadorov
Nikita Zadorov",D,"$894,167","$264,385",1.25%,"$832,500","$92,500","$850,000"
