Player (7),Pos,"Cap Hit
Total","Cap Hit
Adjusted","Cap Hit Pct
League Cap",,,
"Wisniewski
James Wisniewski",D,"$4,287,634","$4,287,634",6.21%,,,
"Horton
Nathan Horton",RW,"$4,017,742","$4,017,742",5.82%,,,
"Commodore
Mike Commodore",D,"$1,141,666","$1,141,666",1.65%,,,
"Leopold
Jordan Leopold",D,"$1,006,720","$1,006,720",1.46%,,,
"Cracknell
Adam Cracknell",RW,"$290,322","$290,322",0.42%,,,
"Erixon
Tim Erixon",D,"$216,129","$216,129",0.31%,,,
"Dansk
Oscar Dansk",G,"$12,513","$12,513",0.02%,,,
