Player (29),Pos,"Cap Hit
Total","Cap Hit
Adjusted","Cap Hit Pct
League Cap",Base Salary,"Signing Bonus
Proration",Incentives
"Bobrovsky
Sergei Bobrovsky",G,"$7,425,000","$7,425,000",9.34%,"$6,200,000",-,-
"Panarin
Artemi Panarin",LW,"$6,000,000","$6,000,000",7.55%,"$6,000,000",-,-
"Atkinson
Cameron Atkinson",RW,"$5,875,000","$5,875,000",7.39%,"$7,375,000",-,-
"Dubinsky
Brandon Dubinsky",C,"$5,850,000","$5,850,000",7.36%,"$5,850,000",-,-
"Foligno
Nick Foligno",LW,"$5,500,000","$5,500,000",6.92%,"$5,500,000",-,-
"Jones
Seth Jones",D,"$5,400,000","$5,400,000",6.79%,"$5,400,000",-,-
"Wennberg
Alexander Wennberg",C,"$4,900,000","$4,900,000",6.16%,"$4,500,000",-,-
"Savard
David Savard",D,"$4,250,000","$4,250,000",5.35%,"$4,750,000",-,-
"Jenner
Boone Jenner",C,"$3,750,000","$3,750,000",4.72%,"$4,000,000",-,-
"Nash
Riley Nash",C,"$2,750,000","$2,750,000",3.46%,"$2,750,000",-,-
"Nutivaara
Markus Nutivaara",D,"$2,700,000","$2,700,000",3.40%,"$2,500,000",-,-
"Bjorkstrand
Oliver Bjorkstrand",RW,"$2,500,000","$2,500,000",3.14%,"$2,500,000",-,-
"Anderson
Josh Anderson",RW,"$1,850,000","$1,850,000",2.33%,"$1,850,000",-,-
"Duchene
Matt Duchene",C,"$6,000,000","$1,419,364",7.55%,"$6,500,000",-,-
"Gavrikov
Vladislav Gavrikov",D,"$925,000","$925,000",1.16%,"$832,500","$92,500",-
"Werenski
Zachary Werenski",D,"$925,000","$925,000",1.16%,"$832,500","$92,500","$850,000"
"Korpisalo
Joonas Korpisalo",G,"$900,000","$900,000",1.13%,"$1,100,000",-,-
"Dubois
Pierre-Luc Dubois",C,"$894,167","$894,167",1.12%,"$832,500","$92,500","$2,500,000"
"Sedlak
Lukas Sedlak",C,"$825,000","$825,000",1.04%,"$850,000",-,-
"Kukan
Dean Kukan",D,"$725,000","$725,000",0.91%,"$700,000",-,-
"Hannikainen
Markus Hannikainen",LW,"$675,000","$675,000",0.85%,"$700,000",-,-
"Harrington
Scott Harrington",D,"$675,000","$675,000",0.85%,"$700,000",-,-
"McQuaid
Adam McQuaid",D,"$2,750,000","$606,185",3.46%,"$2,000,000",-,-
"Dzingel
Ryan Dzingel",C,"$1,800,000","$416,189",2.26%,"$2,100,000",-,-
"Robinson
Eric Robinson",LW,"$925,000","$328,218",1.16%,"$832,500","$92,500",-
"Kinkaid
Keith Kinkaid",G,"$1,250,000","$275,600",1.57%,"$1,300,000",-,-
"Merzlikins
Elvis Merzlikins",G,"$925,000","$89,514",1.16%,"$832,500","$92,500",-
"Peeke
Andrew Peeke",D,"$916,666","$29,568",1.15%,"$807,500","$92,500","$25,000"
"Texier
Alexandre Texier",C,"$897,500","$9,650",1.13%,"$750,000","$92,500","$82,500"
