Player (25),Pos,"Cap Hit
Total","Cap Hit
Adjusted","Cap Hit Pct
League Cap",Base Salary,"Signing Bonus
Proration",Incentives
"Atkinson
Cameron Atkinson",RW,"$5,875,000","$5,875,000",7.21%,"$5,275,000",-,-
"Jones
Seth Jones",D,"$5,400,000","$5,400,000",6.63%,"$5,400,000",-,-
"Domi
Max Domi",LW,"$5,300,000","$5,300,000",6.50%,"$4,600,000",-,-
"Laine
Patrik Laine",RW,"$6,750,000","$4,995,000",8.28%,"$7,500,000",-,-
"Merzlikins
Elvis Merzlikins",G,"$4,000,000","$4,000,000",4.91%,"$3,000,000",-,-
"Korpisalo
Joonas Korpisalo",G,"$2,800,000","$2,800,000",3.44%,"$2,200,000",-,-
"Gavrikov
Vladislav Gavrikov",D,"$2,800,000","$2,800,000",3.44%,"$1,650,000",-,-
"Bjorkstrand
Oliver Bjorkstrand",RW,"$2,500,000","$2,500,000",3.07%,"$2,500,000",-,-
"Roslovic
Jack Roslovic",C,"$2,030,952","$2,030,952",2.49%,"$1,300,000",-,-
"Kukan
Dean Kukan",D,"$1,650,000","$1,650,000",2.02%,"$1,300,000",-,-
"Harrington
Scott Harrington",D,"$1,633,333","$1,633,333",2.00%,"$1,600,000",-,-
"Grigorenko
Mikhail Grigorenko",C,"$1,200,000","$1,200,000",1.47%,"$1,200,000",-,-
"Robinson
Eric Robinson",LW,"$975,000","$975,000",1.20%,"$975,000",-,-
"Texier
Alexandre Texier",C,"$897,500","$889,755",1.10%,"$832,500","$92,500",-
"Stenlund
Kevin Stenlund",C,"$874,125","$874,125",1.07%,"$874,125",-,-
"Del Zotto
Michael Del Zotto",D,"$700,000","$700,000",0.86%,"$700,000",-,-
"Carlsson
Gabriel Carlsson",D,"$725,000","$687,500",0.89%,"$700,000",-,-
"Bemstrom
Emil Bemstrom",C,"$925,000","$582,102",1.14%,"$832,500","$92,500","$850,000"
"Lehtonen
Mikko Lehtonen",D,"$925,000","$326,934",1.14%,"$832,500","$92,500",-
"Peeke
Andrew Peeke",D,"$916,666","$308,178",1.12%,"$832,500","$92,500","$850,000"
"Matteau
Stefan Matteau",LW,"$725,000","$262,500",0.89%,"$750,000",-,-
"MacInnis
Ryan MacInnis",C,"$700,000","$229,292",0.86%,"$700,000",-,-
"Dalpe
Zac Dalpe",C,"$750,000","$200,446",0.92%,"$750,000",-,-
"Sherwood
Kole Sherwood",LW,"$735,000","$171,072",0.90%,"$735,000",-,-
"Gerbe
Nathan Gerbe",LW,"$750,000","$129,320",0.92%,"$700,000",-,-
