Player (22),Pos,"Cap Hit
Total","Cap Hit
Adjusted","Cap Hit Pct
League Cap",Base Salary,"Signing Bonus
Proration",Incentives
"Gaudreau
Johnny Gaudreau",LW,"$9,750,000","$9,750,000",11.82%,"$7,750,000","$2,000,000",-
"Laine
Patrik Laine",RW,"$8,700,000","$8,700,000",10.55%,"$5,500,000","$2,000,000",-
"Merzlikins
Elvis Merzlikins",G,"$5,400,000","$5,400,000",6.55%,"$5,250,000",-,-
"Gudbranson
Erik Gudbranson",D,"$4,000,000","$4,000,000",4.85%,"$5,000,000",-,-
"Roslovic
Jack Roslovic",C,"$4,000,000","$4,000,000",4.85%,"$4,000,000",-,-
"Jenner
Boone Jenner",C,"$3,750,000","$3,750,000",4.55%,"$3,750,000",-,-
"Boqvist
Adam Boqvist",D,"$2,600,000","$2,600,000",3.15%,"$2,000,000",-,-
"Kuraly
Sean Kuraly",C,"$2,500,000","$2,500,000",3.03%,"$2,750,000",-,-
"Robinson
Eric Robinson",LW,"$1,600,000","$1,600,000",1.94%,"$1,500,000",-,-
"Sillinger
Cole Sillinger",C,"$925,000","$925,000",1.12%,"$832,500","$92,500","$850,000"
"Johnson
Kent Johnson",C,"$925,000","$910,059",1.12%,"$832,500","$92,500","$925,000"
"Blankenburg
Nick Blankenburg",D,"$825,000","$825,000",1.00%,"$800,000",-,-
"Peeke
Andrew Peeke",D,"$787,500","$787,500",0.95%,"$825,000",-,-
"Foudy
Liam Foudy",C,"$762,500","$762,500",0.92%,"$750,000",-,-
"Olivier
Mathieu Olivier",RW,"$750,000","$750,000",0.91%,"$750,000",-,-
"Bayreuther
Gavin Bayreuther",D,"$750,000","$668,919",0.91%,"$750,000",-,-
"Marchenko
Kirill Marchenko",LW,"$925,000","$650,000",1.12%,"$832,500","$92,500","$425,000"
"Berni
Tim Berni",D,"$925,000","$645,000",1.12%,"$832,500","$92,500",-
"Bemstrom
Emil Bemstrom",C,"$900,000","$598,378",1.09%,"$900,000",-,-
"Pederson
Lane Pederson",C,"$750,000","$308,108",0.91%,"$750,000",-,-
"Gillies
Jon Gillies",G,"$750,000","$200,000",0.91%,"$750,000",-,-
"Hutchinson
Michael Hutchinson",G,"$750,000","$174,324",0.91%,"$750,000",-,-
