Player (24),Pos,"Cap Hit
Total","Cap Hit
Adjusted","Cap Hit Pct
League Cap",Base Salary,"Signing Bonus
Proration",Incentives
"Gaudreau
Johnny Gaudreau",LW,"$9,750,000","$9,750,000",11.68%,"$7,750,000","$2,000,000",-
"Werenski
Zachary Werenski",D,"$9,583,333","$9,583,333",11.48%,"$10,000,000","$2,000,000",-
"Severson
Damon Severson",D,"$6,250,000","$6,250,000",7.49%,"$6,000,000","$2,000,000",-
"Merzlikins
Elvis Merzlikins",G,"$5,400,000","$5,400,000",6.47%,"$6,000,000",-,-
"Provorov
Ivan Provorov",D,"$6,750,000","$4,725,000",8.08%,"$5,500,000","$3,000,000",-
"Gudbranson
Erik Gudbranson",D,"$4,000,000","$4,000,000",4.79%,"$4,000,000",-,-
"Jenner
Boone Jenner",C,"$3,750,000","$3,750,000",4.49%,"$3,750,000",-,-
"Boqvist
Adam Boqvist",D,"$2,600,000","$2,600,000",3.11%,"$2,600,000",-,-
"Kuraly
Sean Kuraly",C,"$2,500,000","$2,500,000",2.99%,"$3,250,000",-,-
"Bean
Jake Bean",D,"$2,333,333","$2,333,333",2.79%,"$2,900,000",-,-
"Texier
Alexandre Texier",C,"$1,525,000","$1,525,000",1.83%,"$1,750,000",-,-
"Olivier
Mathieu Olivier",RW,"$1,100,000","$1,100,000",1.32%,"$1,100,000",-,-
"Tarasov
Daniil Tarasov",G,"$1,050,000","$1,050,000",1.26%,"$1,050,000",-,-
"Danforth
Justin Danforth",RW,"$975,000","$975,000",1.17%,"$975,000",-,-
"Fantilli
Adam Fantilli",C,"$950,000","$950,000",1.14%,"$855,000","$95,000","$2,200,000"
"Marchenko
Kirill Marchenko",LW,"$925,000","$925,000",1.11%,"$832,500","$92,500","$850,000"
"Sillinger
Cole Sillinger",C,"$925,000","$925,000",1.11%,"$832,500","$92,500","$850,000"
"Voronkov
Dmitri Voronkov",LW,"$925,000","$857,211",1.11%,"$832,500","$92,500",-
"Chinakhov
Yegor Chinakhov",RW,"$800,000","$762,216",0.96%,"$800,000",-,-
"Fix-Wolansky
Trey Fix-Wolansky",RW,"$775,000","$425,000",0.93%,"$775,000",-,-
"Gaunce
Brendan Gaunce",C,"$762,500","$255,488",0.91%,"$775,000",-,-
"Nylander
Alexander Nylander",RW,"$775,000","$223,190",0.93%,"$775,000",-,-
"Meyer
Carson Meyer",RW,"$775,000","$210,000",0.93%,"$775,000",-,-
"Brindley
Gavin Brindley",C,"$950,000","$14,922",1.14%,"$855,000","$95,000",-
