Player (28),Pos,"Cap Hit
Total","Cap Hit
Adjusted","Cap Hit Pct
League Cap",Base Salary,"Signing Bonus
Proration",Incentives
"Bobrovsky
Sergei Bobrovsky",G,"$7,425,000","$7,425,000",10.17%,"$8,500,000",-,-
"Saad
Brandon Saad",LW,"$6,000,000","$6,000,000",8.22%,"$5,750,000",-,-
"Dubinsky
Brandon Dubinsky",C,"$5,850,000","$5,850,000",8.01%,"$5,850,000",-,-
"Foligno
Nick Foligno",LW,"$5,500,000","$5,500,000",7.53%,"$5,500,000",-,-
"Jones
Seth Jones",D,"$5,400,000","$5,400,000",7.40%,"$5,400,000",-,-
"Hartnell
Scott Hartnell",LW,"$4,750,000","$4,750,000",6.51%,"$5,000,000",-,-
"Johnson
Jack Johnson",D,"$4,357,143","$4,357,143",5.97%,"$5,000,000",-,-
"Savard
David Savard",D,"$4,250,000","$4,250,000",5.82%,"$3,500,000",-,-
"Atkinson
Cameron Atkinson",RW,"$3,500,000","$3,500,000",4.79%,"$3,500,000",-,-
"Jenner
Boone Jenner",C,"$2,900,000","$2,900,000",3.97%,"$2,900,000",-,-
"Murray
Ryan Murray",D,"$2,825,000","$2,825,000",3.87%,"$2,825,000",-,-
"Calvert
Matt Calvert",LW,"$2,200,000","$2,200,000",3.01%,"$2,200,000",-,-
"Quincey
Kyle Quincey",D,"$1,250,000","$1,250,000",1.71%,"$277,760",-,-
"Karlsson
William Karlsson",C,"$1,000,000","$1,000,000",1.37%,"$1,000,000",-,-
"Korpikoski
Lauri Korpikoski",LW,"$1,000,000","$1,000,000",1.37%,"$222,240",-,-
"Wennberg
Alexander Wennberg",C,"$925,000","$925,000",1.27%,"$925,000","$92,500","$475,000"
"Werenski
Zachary Werenski",D,"$925,000","$925,000",1.27%,"$832,500","$92,500","$850,000"
"Nutivaara
Markus Nutivaara",D,"$817,500","$817,500",1.12%,"$700,000","$92,500","$132,500"
"Anderson
Josh Anderson",RW,"$678,333","$678,333",0.93%,"$678,333",-,-
"Gagner
Sam Gagner",C,"$650,000","$650,000",0.89%,"$650,000",-,-
"Harrington
Scott Harrington",D,"$632,500","$632,500",0.87%,"$632,500",-,-
"Sedlak
Lukas Sedlak",C,"$600,000","$600,000",0.82%,"$600,000",-,-
"Korpisalo
Joonas Korpisalo",G,"$742,500","$330,000",1.02%,"$700,000","$92,500","$132,500"
"Bjorkstrand
Oliver Bjorkstrand",RW,"$655,833","$287,760",0.90%,"$600,000",-,"$232,500"
"Hannikainen
Markus Hannikainen",LW,"$717,500","$171,398",0.98%,"$650,000",-,-
"Milano
Sonny Milano",LW,"$863,333","$76,736",1.18%,"$832,500","$92,500","$400,000"
"Forsberg
Anton Forsberg",G,"$650,000","$46,944",0.89%,"$650,000",-,-
"Carlsson
Gabriel Carlsson",D,"$925,000","$15,417",1.27%,"$832,500","$92,500",-
