Player (25),Pos,"Cap Hit
Total","Cap Hit
Adjusted","Cap Hit Pct
League Cap",Base Salary,"Signing Bonus
Proration",Incentives
"Voracek
Jakub Voracek",RW,"$8,250,063","$8,250,063",10.12%,"$7,500,000",-,-
"Laine
Patrik Laine",RW,"$7,500,000","$7,500,000",9.20%,"$7,500,000",-,-
"Nyquist
Gustav Nyquist",RW,"$5,500,000","$5,500,000",6.75%,"$6,000,000",-,-
"Bjorkstrand
Oliver Bjorkstrand",RW,"$5,400,000","$5,400,000",6.63%,"$4,500,000",-,-
"Werenski
Zachary Werenski",D,"$5,000,000","$5,000,000",6.14%,"$7,000,000",-,-
"Merzlikins
Elvis Merzlikins",G,"$4,000,000","$4,000,000",4.91%,"$5,000,000",-,-
"Korpisalo
Joonas Korpisalo",G,"$2,800,000","$2,800,000",3.44%,"$3,400,000",-,-
"Gavrikov
Vladislav Gavrikov",D,"$2,800,000","$2,800,000",3.44%,"$2,550,000",-,-
"Kuraly
Sean Kuraly",C,"$2,500,000","$2,500,000",3.07%,"$1,500,000",-,-
"Bean
Jake Bean",D,"$2,333,333","$2,333,333",2.86%,"$1,900,000",-,-
"Roslovic
Jack Roslovic",C,"$1,838,362","$1,838,362",2.26%,"$2,500,000",-,-
"Kukan
Dean Kukan",D,"$1,650,000","$1,650,000",2.02%,"$2,000,000",-,-
"Robinson
Eric Robinson",LW,"$975,000","$975,000",1.20%,"$975,000",-,-
"Sillinger
Cole Sillinger",C,"$925,000","$925,000",1.14%,"$832,500","$92,500","$425,000"
"Chinakhov
Yegor Chinakhov",RW,"$925,000","$911,125",1.14%,"$832,500","$92,500","$500,000"
"Boqvist
Adam Boqvist",D,"$894,167","$894,167",1.10%,"$832,500",-,-
"Bemstrom
Emil Bemstrom",C,"$925,000","$846,375",1.14%,"$832,500","$92,500","$850,000"
"Peeke
Andrew Peeke",D,"$787,500","$787,500",0.97%,"$750,000",-,-
"Bayreuther
Gavin Bayreuther",D,"$750,000","$750,000",0.92%,"$750,000",-,-
"Carlsson
Gabriel Carlsson",D,"$725,000","$688,750",0.89%,"$750,000",-,-
"Danforth
Justin Danforth",RW,"$750,000","$663,750",0.92%,"$750,000",-,-
"Gaunce
Brendan Gaunce",C,"$750,000","$400,000",0.92%,"$750,000",-,-
"Blankenburg
Nick Blankenburg",D,"$1,688,452","$160,018",2.07%,"$807,500","$92,500","$25,000"
"Meyer
Carson Meyer",RW,"$820,000","$106,600",1.01%,"$820,000","$70,000",-
"Johnson
Kent Johnson",C,"$925,000","$87,875",1.14%,"$832,500","$92,500",-
