Player (27),Pos,"Cap Hit
Total","Cap Hit
Adjusted","Cap Hit Pct
League Cap",Base Salary,"Signing Bonus
Proration",Incentives
"Bobrovsky
Sergei Bobrovsky",G,"$7,425,000","$7,425,000",9.90%,"$6,500,000",-,-
"Panarin
Artemi Panarin",LW,"$6,000,000","$6,000,000",8.00%,"$6,000,000",-,-
"Dubinsky
Brandon Dubinsky",C,"$5,850,000","$5,850,000",7.80%,"$5,850,000",-,-
"Foligno
Nick Foligno",LW,"$5,500,000","$5,500,000",7.33%,"$5,500,000",-,-
"Jones
Seth Jones",D,"$5,400,000","$5,400,000",7.20%,"$5,400,000",-,-
"Wennberg
Alexander Wennberg",C,"$4,900,000","$4,900,000",6.53%,"$3,500,000",-,-
"Johnson
Jack Johnson",D,"$4,357,143","$4,357,143",5.81%,"$5,000,000",-,-
"Savard
David Savard",D,"$4,250,000","$4,250,000",5.67%,"$4,000,000",-,-
"Atkinson
Cameron Atkinson",RW,"$3,500,000","$3,500,000",4.67%,"$4,500,000",-,-
"Jenner
Boone Jenner",C,"$2,900,000","$2,900,000",3.87%,"$2,900,000",-,-
"Murray
Ryan Murray",D,"$2,825,000","$2,825,000",3.77%,"$2,825,000",-,-
"Calvert
Matt Calvert",LW,"$2,200,000","$2,200,000",2.93%,"$2,900,000",-,-
"Cole
Ian Cole",D,"$2,100,000","$2,100,000",2.80%,"$2,500,000",-,-
"Vanek
Thomas Vanek",LW,"$2,000,000","$2,000,000",2.67%,"$2,000,000",-,-
"Anderson
Josh Anderson",RW,"$1,850,000","$1,850,000",2.47%,"$1,600,000",-,-
"Letestu
Mark Letestu",C,"$1,800,000","$1,800,000",2.40%,"$1,800,000",-,-
"Werenski
Zachary Werenski",D,"$925,000","$925,000",1.23%,"$832,500","$92,500","$850,000"
"Dubois
Pierre-Luc Dubois",C,"$894,167","$894,167",1.19%,"$832,500","$92,500","$2,500,000"
"Sedlak
Lukas Sedlak",C,"$825,000","$825,000",1.10%,"$800,000",-,-
"Nutivaara
Markus Nutivaara",D,"$817,500","$764,730",1.09%,"$750,000","$92,500","$82,500"
"Harrington
Scott Harrington",D,"$675,000","$675,000",0.90%,"$650,000",-,-
"Hannikainen
Markus Hannikainen",LW,"$675,000","$635,075",0.90%,"$650,000",-,-
"Kukan
Dean Kukan",D,"$700,000","$338,670",0.93%,"$700,000",-,-
"Chorney
Taylor Chorney",D,"$800,000","$197,846",1.07%,"$825,000",-,-
"Bjorkstrand
Oliver Bjorkstrand",RW,"$655,833","$190,404",0.87%,"$700,000",-,"$132,500"
"Zatkoff
Jeff Zatkoff",G,"$900,000","$91,941",1.20%,"$900,000",-,-
"Broadhurst
Alex Broadhurst",C,"$650,000","$48,930",0.87%,"$650,000",-,-
