Player (21),Pos,"Cap Hit
Total","Cap Hit
Adjusted","Cap Hit Pct
League Cap",Base Salary,"Signing Bonus
Proration",Incentives
"Bobrovsky
Sergei Bobrovsky",G,"$7,425,000","$7,425,000",10.40%,"$8,500,000",-,-
"Saad
Brandon Saad",LW,"$6,000,000","$6,000,000",8.40%,"$4,000,000",-,-
"Dubinsky
Brandon Dubinsky",C,"$5,850,000","$5,850,000",8.19%,"$5,850,000",-,-
"Foligno
Nick Foligno",LW,"$5,500,000","$5,500,000",7.70%,"$5,500,000",-,-
"Clarkson
David Clarkson",RW,"$5,250,000","$5,250,000",7.35%,"$1,000,000","$4,500,000",-
"Hartnell
Scott Hartnell",LW,"$4,750,000","$4,750,000",6.65%,"$5,000,000",-,-
"Tyutin
Fedor Tyutin",D,"$4,500,000","$4,500,000",6.30%,"$5,000,000",-,-
"Atkinson
Cameron Atkinson",RW,"$3,500,000","$3,500,000",4.90%,"$2,500,000",-,-
"Bourque
Rene Bourque",LW,"$3,333,333","$3,333,333",4.67%,"$2,500,000",-,-
"Calvert
Matt Calvert",LW,"$2,200,000","$2,200,000",3.08%,"$1,500,000",-,-
"Boll
Jared Boll",RW,"$1,700,000","$1,700,000",2.38%,"$1,700,000",-,-
"Campbell
Gregory Campbell",C,"$1,500,000","$1,500,000",2.10%,"$1,700,000",-,-
"Prout
Dalton Prout",D,"$1,075,000","$1,075,000",1.51%,"$1,100,000",-,-
"Wennberg
Alexander Wennberg",C,"$925,000","$925,000",1.30%,"$925,000","$92,500","$475,000"
"Murray
Ryan Murray",D,"$894,167","$894,167",1.25%,"$832,500",-,"$2,600,000"
"Karlsson
William Karlsson",C,"$830,833","$830,833",1.16%,"$925,000","$92,500",-
"McElhinney
Curtis McElhinney",G,"$800,000","$800,000",1.12%,"$800,000",-,-
"Jenner
Boone Jenner",C,"$778,333","$778,333",1.09%,"$775,000",-,"$57,500"
"Goloubef
Cody Goloubef",D,"$750,000","$750,000",1.05%,"$700,000",-,-
"Jones
Seth Jones",D,"$925,000","$477,420",1.30%,"$429,677",-,"$2,300,000"
"Ramage
John Ramage",D,"$600,000","$80,645",0.84%,"$600,000",-,-
