Player (11),Pos,"Cap Hit
Total","Cap Hit
Adjusted","Cap Hit Pct
League Cap",,,
"Gaborik
Marian Gaborik",RW,"$6,730,769","$6,730,769",10.47%,,,
"Commodore
Mike Commodore",D,"$1,141,666","$1,141,666",1.78%,,,
"Erixon
Tim Erixon",D,"$350,769","$350,769",0.55%,,,
"Chaput
Michael Chaput",C,"$137,709","$137,709",0.21%,,,
"Goloubef
Cody Goloubef",D,"$118,731","$118,731",0.18%,,,
"McKenna
Mike McKenna",G,"$94,590","$94,590",0.15%,,,
"Collins
Sean Collins",LW,"$60,897","$60,897",0.09%,,,
"St. Denis
Frederic St. Denis",D,"$50,128","$50,128",0.08%,,,
"Smith
Jeremy Smith",G,"$11,282","$11,282",0.02%,,,
"Audy-Marchessault
Jonathan Audy-Marchessault",C,"$9,487","$9,487",0.01%,,,
"Bass
Cody Bass",RW,"$9,231","$9,231",0.01%,,,
