Player (8),Pos,"Cap Hit
Total","Cap Hit
Adjusted","Cap Hit Pct
League Cap",,,
"Cole
Erik Cole",RW,"$3,483,871","$3,483,871",5.05%,,,
"Gonchar
Sergei Gonchar",D,"$913,978","$913,978",1.32%,,,
"Lindback
Anders Lindback",G,"$576,881","$576,881",0.84%,,,
"Schlemko
David Schlemko",D,"$363,911","$363,911",0.53%,,,
"Dillon
Brenden Dillon",D,"$295,698","$295,698",0.43%,,,
"Connauton
Kevin Connauton",D,"$150,627","$150,627",0.22%,,,
"Nemeth
Patrik Nemeth",D,-,-,-,,,
"Rome
Aaron Rome",D,-,-,-,,,
