Player (10),Pos,"Cap Hit
Total","Cap Hit
Adjusted","Cap Hit Pct
League Cap",,,
"Robidas
Stephane Robidas",D,"$2,606,154","$2,606,154",4.05%,,,
"Ellis
Dan Ellis",G,"$715,385","$715,385",1.11%,,,
"Godard
Eric Godard",RW,"$233,333","$233,333",0.36%,,,
"MacDermid
Lane MacDermid",LW,"$176,000","$176,000",0.27%,,,
"Oleksiak
Jamie Oleksiak",D,"$82,538","$82,538",0.13%,,,
"Gaunce
Cameron Gaunce",D,"$76,667","$76,667",0.12%,,,
"Morin
Travis Morin",C,"$42,308","$42,308",0.07%,,,
"Campbell
Jack Campbell",G,"$34,154","$34,154",0.05%,,,
"Nilstorp
Cristopher Nilstorp",G,"$29,744","$29,744",0.05%,,,
"Fortunus
Maxime Fortunus",D,"$14,744","$14,744",0.02%,,,
