Player (23),Pos,"Cap Hit
Total","Cap Hit
Adjusted","Cap Hit Pct
League Cap",Base Salary,"Signing Bonus
Proration",Incentives
"Datsyuk
Pavel Datsyuk",C,"$7,500,000","$7,500,000",10.50%,"$5,000,000","$2,000,000",-
"Zetterberg
Henrik Zetterberg",LW,"$6,083,333","$6,083,333",8.52%,"$7,750,000",-,-
"Green
Mike Green",D,"$6,000,000","$6,000,000",8.40%,"$6,000,000",-,-
"Howard
Jimmy Howard",G,"$5,291,667","$5,291,667",7.41%,"$5,500,000",-,-
"Kronwall
Niklas Kronwall",D,"$4,750,000","$4,750,000",6.65%,"$6,000,000",-,-
"Nyquist
Gustav Nyquist",RW,"$4,750,000","$4,750,000",6.65%,"$4,000,000","$1,000,000",-
"Quincey
Kyle Quincey",D,"$4,250,000","$4,250,000",5.95%,"$4,250,000",-,-
"Ericsson
Jonathan Ericsson",D,"$4,250,000","$4,250,000",5.95%,"$4,000,000","$250,000",-
"Richards
Brad Richards",C,"$3,000,000","$3,000,000",4.20%,"$3,000,000",-,"$1,000,000"
"Tatar
Tomas Tatar",LW,"$2,750,000","$2,750,000",3.85%,"$2,750,000",-,-
"Smith
Brendan Smith",D,"$2,750,000","$2,750,000",3.85%,"$2,250,000",-,-
"DeKeyser
Danny DeKeyser",D,"$2,187,500","$2,187,500",3.06%,"$2,250,000",-,-
"Helm
Darren Helm",C,"$2,125,000","$2,125,000",2.98%,"$2,500,000",-,-
"Abdelkader
Justin Abdelkader",LW,"$1,800,000","$1,800,000",2.52%,"$2,250,000",-,-
"Sheahan
Riley Sheahan",LW,"$950,000","$950,000",1.33%,"$1,050,000",-,-
"Larkin
Dylan Larkin",C,"$925,000","$925,000",1.30%,"$832,500","$92,500","$350,000"
"Jurco
Tomas Jurco",RW,"$900,000","$900,000",1.26%,"$850,000",-,-
"Mrazek
Petr Mrazek",G,"$737,500","$737,500",1.03%,"$737,500",-,-
"Pulkkinen
Teemu Pulkkinen",LW,"$735,000","$735,000",1.03%,"$735,000",-,-
"Marchenko
Alexei Marchenko",D,"$666,667","$637,952",0.93%,"$700,000","$75,000","$125,000"
"Glendening
Luke Glendening",C,"$628,333","$628,333",0.88%,"$600,000",-,-
"Andersson
Joakim Andersson",C,"$815,000","$600,295",1.14%,"$815,000",-,-
"Athanasiou
Andreas Athanasiou",C,"$628,333","$263,484",0.88%,"$575,000","$92,500","$282,500"
