Player (13),Pos,"Cap Hit
Total","Cap Hit
Adjusted","Cap Hit Pct
League Cap",,,
"Tootoo
Jordin Tootoo",RW,"$1,086,667","$1,086,667",1.69%,,,
"Eaves
Patrick Eaves",RW,"$821,026","$821,026",1.28%,,,
"Mrazek
Petr Mrazek",G,"$231,897","$231,897",0.36%,,,
"Emmerton
Cory Emmerton",C,"$147,692","$147,692",0.23%,,,
"Pulkkinen
Teemu Pulkkinen",LW,"$42,974","$42,974",0.07%,,,
"Marchenko
Alexei Marchenko",D,"$37,607","$37,607",0.06%,,,
"Almqvist
Adam Almqvist",D,"$21,688","$21,688",0.03%,,,
"Ferraro
Landon Ferraro",C,"$21,077","$21,077",0.03%,,,
"Coreau
Jared Coreau",G,"$16,256","$16,256",0.03%,,,
"Callahan
Mitchell Callahan",RW,"$5,798","$5,798",0.01%,,,
"Fournier
Gleason Fournier",D,"$3,064","$3,064",0.00%,,,
"Parkes
Trevor Parkes",RW,"$2,842","$2,842",0.00%,,,
"Colaiacovo
Carlo Colaiacovo",D,-,-,-,,,
