Player (21),Pos,"Cap Hit
Total","Cap Hit
Adjusted","Cap Hit Pct
League Cap",Base Salary,"Signing Bonus
Proration",Incentives
"Zetterberg
Henrik Zetterberg",LW,"$6,083,333","$6,083,333",8.11%,"$7,000,000",-,-
"Green
Mike Green",D,"$6,000,000","$6,000,000",8.00%,"$6,000,000",-,-
"Howard
Jimmy Howard",G,"$5,291,667","$5,291,667",7.06%,"$5,000,000",-,-
"Nielsen
Frans Nielsen",C,"$5,250,000","$5,250,000",7.00%,"$6,000,000",-,-
"DeKeyser
Danny DeKeyser",D,"$5,000,000","$5,000,000",6.67%,"$5,000,000","$500,000",-
"Nyquist
Gustav Nyquist",RW,"$4,750,000","$4,750,000",6.33%,"$5,250,000",-,-
"Kronwall
Niklas Kronwall",D,"$4,750,000","$4,750,000",6.33%,"$3,500,000",-,-
"Abdelkader
Justin Abdelkader",LW,"$4,250,000","$4,250,000",5.67%,"$4,500,000","$500,000",-
"Ericsson
Jonathan Ericsson",D,"$4,250,000","$4,250,000",5.67%,"$4,000,000","$250,000",-
"Helm
Darren Helm",C,"$3,850,000","$3,850,000",5.13%,"$3,500,000","$1,000,000",-
"Daley
Trevor Daley",D,"$3,166,667","$3,166,667",4.22%,"$4,000,000",-,-
"Glendening
Luke Glendening",C,"$1,800,000","$1,800,000",2.40%,"$1,900,000","$100,000",-
"Athanasiou
Andreas Athanasiou",C,"$1,387,500","$1,261,364",1.85%,"$1,387,500",-,-
"Ouellet
Xavier Ouellet",D,"$1,250,000","$1,250,000",1.67%,"$1,200,000",-,-
"Larkin
Dylan Larkin",C,"$925,000","$925,000",1.23%,"$832,500","$92,500","$650,000"
"Mantha
Anthony Mantha",RW,"$863,333","$863,333",1.15%,"$832,500",-,-
"Jensen
Nick Jensen",D,"$812,500","$812,500",1.08%,"$800,000",-,-
"Witkowski
Luke Witkowski",D,"$750,000","$750,000",1.00%,"$700,000",-,-
"Frk
Martin Frk",RW,"$650,000","$650,000",0.87%,"$650,000",-,-
"Bertuzzi
Tyler Bertuzzi",LW,"$661,667","$633,146",0.88%,"$625,000",-,"$207,500"
"Booth
David Booth",LW,"$700,000","$383,826",0.93%,"$700,000",-,-
