Player (5),Pos,"Cap Hit
Total","Cap Hit
Adjusted","Cap Hit Pct
League Cap",Base Salary,"Signing Bonus
Proration",Incentives
"Zetterberg
Henrik Zetterberg",LW,"$6,083,333","$6,083,333",7.46%,"$1,000,000",-,-
"Bertuzzi
Tyler Bertuzzi",LW,"$3,500,000","$3,500,000",4.29%,"$3,500,000",-,-
"Fabbri
Robby Fabbri",C,"$2,950,000","$2,950,000",3.62%,"$2,800,000",-,-
"Ryan
Bobby Ryan",RW,"$1,000,000","$1,000,000",1.23%,"$1,000,000",-,-
"Svechnikov
Evgeny Svechnikov",LW,"$874,125","$354,192",1.07%,"$874,125",-,-
