Player (24),Pos,"Cap Hit
Total","Cap Hit
Adjusted","Cap Hit Pct
League Cap",Base Salary,"Signing Bonus
Proration",Incentives
"Eberle
Jordan Eberle",RW,"$6,000,000","$6,000,000",8.40%,"$6,000,000",-,-
"Hall
Taylor Hall",LW,"$6,000,000","$6,000,000",8.40%,"$6,000,000",-,-
"Nugent-Hopkins
Ryan Nugent-Hopkins",C,"$6,000,000","$6,000,000",8.40%,"$6,000,000",-,-
"Sekera
Andrej Sekera",D,"$5,500,000","$5,500,000",7.70%,"$6,500,000",-,-
"Nikitin
Nikita Nikitin",D,"$4,500,000","$4,500,000",6.30%,"$4,500,000",-,-
"Pouliot
Benoit Pouliot",LW,"$4,000,000","$4,000,000",5.60%,"$4,000,000",-,-
"Fayne
Mark Fayne",D,"$3,625,000","$3,625,000",5.08%,"$3,500,000",-,-
"Korpikoski
Lauri Korpikoski",LW,"$2,500,000","$2,500,000",3.50%,"$2,700,000",-,-
"Yakupov
Nail Yakupov",RW,"$2,500,000","$2,500,000",3.50%,"$2,500,000",-,-
"Hendricks
Matt Hendricks",LW,"$1,850,000","$1,850,000",2.59%,"$1,850,000",-,-
"Letestu
Mark Letestu",C,"$1,800,000","$1,800,000",2.52%,"$1,800,000",-,-
"Talbot
Cameron Talbot",G,"$1,450,000","$1,450,000",2.03%,"$1,450,000",-,-
"Pardy
Adam Pardy",D,"$1,000,000","$1,000,000",1.40%,"$1,000,000",-,-
"Lander
Anton Lander",C,"$987,500","$987,500",1.38%,"$925,000",-,-
"McDavid
Connor McDavid",C,"$925,000","$925,000",1.30%,"$832,500","$92,500","$2,850,000"
"Kassian
Zack Kassian",RW,"$1,750,000","$903,225",2.45%,"$1,118,279",-,-
"Draisaitl
Leon Draisaitl",C,"$925,000","$820,545",1.30%,"$832,500","$92,500","$2,475,000"
"Pakarinen
Iiro Pakarinen",RW,"$817,500","$751,572",1.15%,"$750,000","$92,500","$82,500"
"Platzer
Kyle Platzer",C,"$735,000","$735,000",1.03%,"$625,000","$85,000",-
"Gazdic
Luke Gazdic",LW,"$800,000","$692,461",1.12%,"$850,000",-,-
"Davidson
Brandon Davidson",D,"$585,000","$585,000",0.82%,"$585,000",-,-
"Cracknell
Adam Cracknell",RW,"$575,000","$575,000",0.81%,"$575,000",-,-
"Maroon
Patrick Maroon",LW,"$1,500,000","$440,860",2.10%,"$1,900,000",-,-
"Clendening
Adam Clendening",D,"$761,250","$302,862",1.07%,"$302,862",-,-
