Player (7),Pos,"Cap Hit
Total","Cap Hit
Adjusted","Cap Hit Pct
League Cap",,,,VIA
"Talbot
Cameron Talbot",G,"$3,046,536","$3,046,536",3.83%,,,,
"Spooner
Ryan Spooner",C,"$2,924,680","$2,924,680",3.68%,,,,
"Strome
Ryan Strome",C,"$749,953","$749,953",0.94%,,,,
"Caggiula
Drake Caggiula",C,"$709,630","$709,630",0.89%,,,,
"Garrison
Jason Garrison",D,"$307,490","$307,490",0.39%,,,,
"Wideman
Chris Wideman",D,"$144,374","$144,374",0.18%,,,,
"Zykov
Valentin Zykov",LW,"$79,838","$79,838",0.10%,,,,
