Player (26),Pos,"Cap Hit
Total","Cap Hit
Adjusted","Cap Hit Pct
League Cap",,,
"Hemsky
Ales Hemsky",RW,"$4,487,179","$4,487,179",6.98%,,,
"Schultz
Nick Schultz",D,"$3,141,026","$3,141,026",4.89%,,,
"Dubnyk
Devan Dubnyk",G,"$2,701,282","$2,701,282",4.20%,,,
"Bryzgalov
Ilya Bryzgalov",G,"$1,313,253","$1,313,253",2.04%,,,
"Grebeshkov
Denis Grebeshkov",D,"$750,513","$750,513",1.17%,,,
"Smid
Ladislav Smid",D,"$682,051","$682,051",1.06%,,,
"Potter
Corey Potter",D,"$560,385","$560,385",0.87%,,,
"Arcobello
Mark Arcobello",C,"$375,385","$375,385",0.58%,,,
"Pitlick
Tyler Pitlick",RW,"$337,111","$337,111",0.52%,,,
"LaBarbera
Jason LaBarbera",G,"$317,821","$317,821",0.49%,,,
"Lander
Anton Lander",C,"$315,897","$315,897",0.49%,,,
"Acton
Will Acton",C,"$268,513","$268,513",0.42%,,,
"Eager
Ben Eager",LW,"$265,128","$265,128",0.41%,,,
"Klefbom
Oscar Klefbom",D,"$174,248","$174,248",0.27%,,,
"Bachman
Richard Bachman",G,"$141,026","$141,026",0.22%,,,
"Hamilton
Ryan Hamilton",LW,"$95,385","$95,385",0.15%,,,
"Brown
Mike Brown",RW,"$79,333","$79,333",0.12%,,,
"Pinizzotto
Steve  Pinizzotto",RW,"$36,667","$36,667",0.06%,,,
"Fedun
Taylor Fedun",D,"$31,154","$31,154",0.05%,,,
"MacIntyre
Steve MacIntyre",LW,"$26,450","$26,450",0.04%,,,
"Horak
Roman Horak",LW,"$22,077","$22,077",0.03%,,,
"Brossoit
Laurent Brossoit",G,"$20,282","$20,282",0.03%,,,
"Hunt
Brad Hunt",D,"$19,744","$19,744",0.03%,,,
"Davidson
Brandon Davidson",D,"$12,615","$12,615",0.02%,,,
"Omark
Linus Omark",LW,"$6,154","$6,154",0.01%,,,
"Belanger
Eric Belanger",C,-,-,-,,,
