Player (292),Pos,Age,YOE,Prev Team,Prev AAV,Type
John Tavares,C,34.6,14,TOR,"$11,000,000",UFA
Mitchell Marner,RW,27.9,7,TOR,"$10,903,000",UFA
Jamie Benn,LW,35.8,15,DAL,"$9,500,000",UFA
Nicklas Backstrom,C,37.3,16,WAS,"$9,200,000",UFA
Brent Burns,D,40.1,20,CAR,"$8,000,000",UFA
Dmitry Orlov,D,33.7,12,CAR,"$7,750,000",UFA
Aaron Ekblad,D,29.2,9,FLA,"$7,500,000",UFA
Ivan Provorov,D,28.2,8,CBJ,"$6,750,000",UFA
Brock Boeser,RW,28.1,7,VAN,"$6,650,000",UFA
Claude Giroux,C,37.2,16,OTT,"$6,500,000",UFA
Jeff Petry,D,37.3,14,DET,"$6,250,000",UFA
Brad Marchand,LW,36.9,15,FLA,"$6,125,000",UFA
Taylor Hall,LW,33.4,14,CAR,"$6,000,000",UFA
Brock Nelson,C,33.5,10,COL,"$6,000,000",UFA
Nikolaj Ehlers,LW,29.2,8,WPG,"$6,000,000",UFA
Vladislav Gavrikov,D,29.3,4,LAK,"$5,875,000",UFA
Andrew Mangiapane,LW,29.0,7,WAS,"$5,800,000",UFA
T.J. Oshie,RW,38.2,15,WAS,"$5,750,000",UFA
Andrei Kuzmenko,LW,29.2,1,LAK,"$5,500,000",UFA
Yanni Gourde,C,33.3,8,TBL,"$5,166,667",UFA
Reilly Smith,RW,34.0,12,VGK,"$5,000,000",UFA
Mikael Granlund,C,33.1,11,DAL,"$5,000,000",UFA
Cal Petersen,G,30.5,5,PHI,"$5,000,000",UFA
Robin Lehner,G,33.7,10,VGK,"$5,000,000",UFA
Kyle Palmieri,RW,34.2,13,NYI,"$5,000,000",UFA
Ville Husso,G,30.2,4,ANA,"$4,750,000",UFA
Ryan Lindgren,D,27.2,5,COL,"$4,500,000",UFA
Christian Dvorak,C,29.2,7,MTL,"$4,450,000",UFA
Sam Bennett,C,28.8,9,FLA,"$4,425,000",UFA
Andreas Athanasiou,C,30.7,9,CHI,"$4,250,000",UFA
Alec Martinez,D,37.7,14,CHI,"$4,000,000",UFA
Patrick Kane,RW,36.4,16,DET,"$4,000,000",UFA
Robby Fabbri,C,29.2,9,ANA,"$4,000,000",UFA
Jake Allen,G,34.7,10,NJD,"$3,850,000",UFA
Anthony Mantha,RW,30.6,8,CGY,"$3,500,000",UFA
David Savard,D,34.4,12,MTL,"$3,500,000",UFA
Brandon Tanev,C,33.2,8,WPG,"$3,500,000",UFA
Frederik Andersen,G,35.5,11,CAR,"$3,400,000",UFA
Alexander Georgiev,G,29.2,7,SJS,"$3,400,000",UFA
Joel Armia,RW,32.8,9,MTL,"$3,400,000",UFA
Vitek Vanecek,G,29.2,3,FLA,"$3,400,000",UFA
Cody Ceci,D,31.2,11,DAL,"$3,250,000",UFA
Radek Faksa,C,31.2,9,STL,"$3,250,000",UFA
Gustav Nyquist,RW,35.6,11,MIN,"$3,185,000",UFA
Brian Dumoulin,D,33.6,10,SEA,"$3,150,000",UFA
Brian Dumoulin,D,33.6,10,NJD,"$3,150,000",UFA
Henri Jokiharju,D,25.8,6,BOS,"$3,100,000",UFA
Jeff Skinner,LW,32.9,14,EDM,"$3,000,000",UFA
Matt Duchene,C,34.2,15,DAL,"$3,000,000",UFA
Jack Roslovic,C,28.2,8,CAR,"$2,800,000",UFA
Matthew Grzelcyk,D,31.2,8,PIT,"$2,750,000",UFA
Jan Rutta,D,34.7,6,SJS,"$2,750,000",UFA
Brock McGinn,LW,31.2,9,ANA,"$2,750,000",UFA
Luke Kunin,C,27.3,5,CBJ,"$2,750,000",UFA
Anton Forsberg,G,32.3,8,OTT,"$2,750,000",UFA
Tanner Jeannot,LW,27.8,3,LAK,"$2,665,000",UFA
Jonathan Drouin,LW,30.0,10,COL,"$2,500,000",UFA
Cody Glass,C,26.0,4,NJD,"$2,500,000",UFA
Tucker Poolman,D,31.8,2,COL,"$2,500,000",UFA
Sean Kuraly,C,32.2,8,CBJ,"$2,500,000",UFA
Dante Fabbro,D,26.8,5,CBJ,"$2,500,000",UFA
Marc-Andre Fleury,G,40.3,19,MIN,"$2,500,000",UFA
Lars Eller,C,35.9,14,WAS,"$2,450,000",UFA
Jesper Fast,RW,33.3,11,CAR,"$2,400,000",UFA
Trent Frederic,C,27.2,6,EDM,"$2,300,000",UFA
Evgenii Dadonov,LW,36.1,10,DAL,"$2,250,000",UFA
Daniel Vladar,G,27.6,4,CGY,"$2,200,000",UFA
Mason Appleton,C,29.2,5,WPG,"$2,166,667",UFA
Nick Bjugstad,C,32.8,12,UTA,"$2,100,000",UFA
Ethan Bear,D,27.8,5,WAS,"$2,062,500",UFA
Ryan Donato,C,29.0,7,CHI,"$2,000,000",UFA
Morgan Geekie,C,26.7,5,NSH,"$2,000,000",UFA
Nico Sturm,C,29.9,5,FLA,"$2,000,000",UFA
Marcus Johansson,C,34.5,13,MIN,"$2,000,000",UFA
Tomas Tatar,LW,34.3,13,NJD,"$1,800,000",UFA
Ilya Samsonov,G,28.1,4,VGK,"$1,800,000",UFA
John Klingberg,D,32.7,9,EDM,"$1,746,667",UFA
Pius Suter,C,28.8,3,VAN,"$1,600,000",UFA
Brandon Saad,LW,32.4,12,VGK,"$1,500,000",UFA
Max Pacioretty,LW,36.4,13,TOR,"$1,500,000",UFA
Nicolas Aube-Kubel,RW,28.9,5,NYR,"$1,500,000",UFA
Derek Forbort,D,33.1,9,VAN,"$1,500,000",UFA
Isac Lundestrom,C,25.4,6,ANA,"$1,500,000",UFA
Jani Hakanpaa,D,33.0,5,TOR,"$1,470,000",UFA
Nathan Bastian,RW,27.3,4,NJD,"$1,350,000",UFA
Patrick Maroon,LW,36.9,12,CHI,"$1,300,000",UFA
Kevin Rooney,C,31.8,7,CGY,"$1,300,000",UFA
Tyson Barrie,D,33.7,12,CGY,"$1,250,000",UFA
Anthony Beauvillier,LW,27.8,7,WAS,"$1,250,000",UFA
Mike Reilly,D,31.8,8,NYI,"$1,250,000",UFA
Jon Merrill,D,33.2,10,MIN,"$1,200,000",UFA
Corey Perry,RW,40.1,19,EDM,"$1,150,000",UFA
Scott Perunovich,D,26.7,1,NYI,"$1,150,000",UFA
Christian Fischer,C,28.0,8,CBJ,"$1,125,000",UFA
Nick Perbix,D,26.8,1,TBL,"$1,125,000",UFA
Travis Hamonic,D,34.7,13,OTT,"$1,100,000",UFA
Justin Danforth,RW,32.1,3,CBJ,"$1,100,000",UFA
Victor Olofsson,RW,29.8,6,VGK,"$1,075,000",UFA
Oliver Kylington,D,27.9,7,ANA,"$1,050,000",UFA
Brett Leason,RW,25.9,3,ANA,"$1,050,000",UFA
James Reimer,G,37.1,14,BUF,"$1,000,000",UFA
Kaapo Kahkonen,G,28.7,4,FLA,"$1,000,000",UFA
Brendan Smith,D,36.2,12,DAL,"$1,000,000",UFA
Taylor Raddysh,RW,27.2,3,WAS,"$1,000,000",UFA
Craig Smith,C,35.6,13,DET,"$1,000,000",UFA
Erik Johnson,D,37.0,16,COL,"$1,000,000",UFA
Kasperi Kapanen,RW,28.7,8,EDM,"$1,000,000",UFA
David Rittich,G,32.7,7,LAK,"$1,000,000",UFA
Connor Brown,RW,31.2,9,EDM,"$1,000,000",UFA
Curtis Lazar,C,30.2,9,NJD,"$1,000,000",UFA
Declan Chisholm,D,25.2,1,MIN,"$1,000,000",UFA
Daniel Sprong,RW,28.1,8,NJD,"$975,000",UFA
Eric Robinson,LW,29.8,7,CAR,"$950,000",UFA
Jere Innala,LW,27.1,1,COL,"$950,000",UFA
Ty Emberson,D,24.8,1,EDM,"$950,000",UFA
Dysin Mayo,D,28.7,1,VGK,"$950,000",UFA
James Van Riemsdyk,LW,35.9,15,CBJ,"$900,000",UFA
Cameron Atkinson,RW,35.8,12,TBL,"$900,000",UFA
Erik Brannstrom,D,25.6,5,BUF,"$900,000",UFA
Alex Lyon,G,32.3,7,DET,"$900,000",UFA
Matt Nieto,LW,32.4,10,PIT,"$900,000",UFA
Derek Ryan,C,38.2,9,EDM,"$900,000",UFA
Matthew Murray,G,30.8,8,TOR,"$875,000",UFA
Colin White,C,28.2,7,SJS,"$850,000",UFA
Noah Gregor,C,27.2,4,SJS,"$850,000",UFA
Juha Jaaska,LW,27.2,1,CAR,"$850,000",UFA
Pheonix Copley,G,33.2,5,LAK,"$825,000",UFA
Dennis Gilbert,D,28.4,5,OTT,"$825,000",UFA
Eric Comrie,G,29.8,8,WPG,"$825,000",UFA
Walker Duehr,RW,27.3,3,SJS,"$825,000",UFA
Michael Pezzetta,C,27.1,2,MTL,"$812,500",UFA
Jarred Tinordi,D,33.1,9,CGY,"$800,000",UFA
Nick Cousins,C,31.7,9,OTT,"$800,000",UFA
Nate Schmidt,D,33.8,10,FLA,"$800,000",UFA
Tyler Motte,C,30.1,7,DET,"$800,000",UFA
Jimmy Schuldt,D,29.9,1,SJS,"$800,000",UFA
Trevor Lewis,C,38.2,15,LAK,"$800,000",UFA
Calvin de Haan,D,33.9,11,NYR,"$800,000",UFA
Parker Wotherspoon,D,27.7,1,BOS,"$800,000",UFA
Luke Glendening,C,35.9,10,TBL,"$800,000",UFA
Patrick Brown,LW,32.8,7,BOS,"$800,000",UFA
Givani Smith,RW,27.1,4,PHI,"$800,000",UFA
Jimmy Vesey,LW,31.8,7,COL,"$800,000",UFA
Michael Eyssimont,C,28.6,2,SEA,"$800,000",UFA
Chris Driedger,G,30.9,6,WPG,"$795,000",UFA
Julien Gauthier,RW,27.5,4,NYI,"$787,500",UFA
Joel Hanley,D,33.8,9,CGY,"$787,500",UFA
Ben Harpur,D,30.2,7,NYR,"$787,500",UFA
Matt Tomkins,G,30.8,1,TBL,"$780,000",UFA
Cameron Hebig,F,28.2,1,UTA,"$775,000",UFA
Evan Cormier,G,27.4,1,FLA,"$775,000",UFA
Tyler Pitlick,RW,33.4,9,BOS,"$775,000",UFA
Jesse Puljujarvi,RW,26.9,6,FLA,"$775,000",UFA
Logan Brown,C,27.1,6,TBL,"$775,000",UFA
Adam Scheel,G,25.9,1,COL,"$775,000",UFA
Anthony DeAngelo,D,29.4,8,NYI,"$775,000",UFA
Dylan Ferguson,G,26.5,1,MIN,"$775,000",UFA
Dustin Tokarski,G,35.6,9,CAR,"$775,000",UFA
T.J. Tynan,C,33.1,1,COL,"$775,000",UFA
Matt Martin,LW,35.9,14,NYI,"$775,000",UFA
Adam Gaudette,C,28.5,6,OTT,"$775,000",UFA
Dylan Gambrell,C,28.6,6,CBJ,"$775,000",UFA
Jakub Vrana,LW,29.1,7,NSH,"$775,000",UFA
Steven Lorentz,C,29.0,3,TOR,"$775,000",UFA
Travis Dermott,D,28.2,7,EDM,"$775,000",UFA
Kevin Labanc,RW,29.3,7,CBJ,"$775,000",UFA
Tanner Pearson,LW,32.7,7,VGK,"$775,000",UFA
Calle Rosen,D,31.2,5,COL,"$775,000",UFA
Jonathan Aspirot,D,25.9,1,CGY,"$775,000",UFA
Joe Snively,LW,29.2,1,DET,"$775,000",UFA
Tobie Paquette-Bisson,D,28.2,1,TBL,"$775,000",UFA
Eetu Makiniemi,G,26.0,1,PHI,"$775,000",UFA
Oscar Dansk,G,31.1,1,ANA,"$775,000",UFA
Robert Bortuzzo,D,36.1,12,UTA,"$775,000",UFA
Magnus Hellberg,G,34.0,5,DAL,"$775,000",UFA
Matthew Phillips,C,27.0,1,COL,"$775,000",UFA
Alexander Nylander,RW,27.1,5,TOR,"$775,000",UFA
Joakim Ryan,D,31.8,1,CAR,"$775,000",UFA
Chad Ruhwedel,D,34.9,11,NYR,"$775,000",UFA
Tony Dello,D,28.2,1,NJD,"$775,000",UFA
Owen Sillinger,C,27.5,1,CBJ,"$775,000",UFA
Ryan Suter,D,40.2,19,STL,"$775,000",UFA
Zach Sawchenko,G,27.2,1,CBJ,"$775,000",UFA
Caleb Jones,D,27.8,5,LAK,"$775,000",UFA
Jaycob Megna,D,32.3,5,FLA,"$775,000",UFA
Mackenzie Entwistle,RW,25.8,4,FLA,"$775,000",UFA
Dakota Mermis,D,31.2,2,UTA,"$775,000",UFA
Jack Johnson,D,38.2,18,CBJ,"$775,000",UFA
Fredrik Karlstrom,C,27.2,1,NYI,"$775,000",UFA
Callahan Burke,C,28.1,1,VGK,"$775,000",UFA
Robert Hagg,D,30.2,7,VGK,"$775,000",UFA
Riley Stillman,D,27.1,5,CAR,"$775,000",UFA
Justin Kirkland,LW,28.7,1,CGY,"$775,000",UFA
Carson Meyer,RW,27.7,1,ANA,"$775,000",UFA
Kieffer Bellows,LW,26.8,4,NSH,"$775,000",UFA
Joshua Mahura,D,26.9,5,SEA,"$775,000",UFA
Haydn Fleury,D,28.8,6,WPG,"$775,000",UFA
Colin Blackwell,C,32.0,5,DAL,"$775,000",UFA
Derrick Pouliot,D,31.2,8,TBL,"$775,000",UFA
Steven Santini,D,30.1,2,TBL,"$775,000",UFA
Ben Meyers,LW,26.4,2,SEA,"$775,000",UFA
Brandon Biro,LW,27.1,1,SEA,"$775,000",UFA
Nikolas Brouillard,D,30.2,1,SEA,"$775,000",UFA
Maxime Lajoie,D,27.4,1,SEA,"$775,000",UFA
Bokondji Imama,LW,28.7,1,PIT,"$775,000",UFA
Nathan Clurman,D,26.9,1,PIT,"$775,000",UFA
Jeremy Davies,D,28.3,1,OTT,"$775,000",UFA
Cameron Crotty,D,25.9,1,MIN,"$775,000",UFA
Troy Grosenick,G,35.6,1,MIN,"$775,000",UFA
Jack Studnicka,C,26.2,4,LAK,"$775,000",UFA
Connor Carrick,D,31.0,6,EDM,"$775,000",UFA
Kole Lind,RW,26.5,2,DAL,"$775,000",UFA
Cameron Hughes,C,28.5,1,DAL,"$775,000",UFA
Mason Jobst,C,31.2,1,BUF,"$775,000",UFA
Riley Tufte,LW,27.0,1,BOS,"$775,000",UFA
Cole Koepke,LW,26.9,1,BOS,"$775,000",UFA
Martin Frk,RW,31.5,4,CGY,"$775,000",UFA
Collin Delia,G,30.8,5,EDM,"$775,000",UFA
Jiri Patera,G,26.1,1,BOS,"$775,000",UFA
Joel Kiviranta,LW,29.0,4,COL,"$775,000",UFA
Jimmy Huntington,C,26.4,1,PIT,"$775,000",UFA
Jack Campbell,G,33.2,9,DET,"$775,000",UFA
Devin Shore,C,30.8,8,MIN,"$775,000",UFA
Travis Boyd,LW,31.6,7,MIN,"$775,000",UFA
Zach Aston-Reese,C,30.7,6,CBJ,"$775,000",UFA
Tomas Nosek,LW,32.6,8,FLA,"$775,000",UFA
Tyson Jost,C,27.1,8,CAR,"$775,000",UFA
Felix Sandstrom,G,28.2,2,BUF,"$775,000",UFA
Rodrigo Abols,C,29.2,1,PHI,"$775,000",UFA
Connor Hughes,G,28.6,1,MTL,"$775,000",UFA
Nicolas Mattinen,D,27.1,1,TOR,"$775,000",UFA
Justin Brazeau,RW,27.2,1,MIN,"$775,000",UFA
Brandon Gignac,C,27.4,1,MTL,"$775,000",UFA
Justin Bailey,RW,29.8,2,ANA,"$775,000",UFA
Samuel Laberge,C,28.0,1,NJD,"$775,000",UFA
Max Willman,C,30.2,1,NJD,"$775,000",UFA
Zach Sanford,LW,30.4,6,CHI,"$775,000",UFA
Chase Priskie,D,29.1,1,WAS,"$775,000",UFA
Alex Limoges,LW,27.6,1,WAS,"$775,000",UFA
Benjamin Gleason,D,27.0,1,PHI,"$775,000",UFA
Dryden Hunt,LW,29.3,7,CGY,"$775,000",UFA
William Lockwood,RW,26.8,1,FLA,"$775,000",UFA
Marc Johnstone,RW,28.8,1,PIT,"$775,000",UFA
Mason Geertsen,D,30.0,1,VGK,"$775,000",UFA
Gage Quinney,LW,29.7,1,VGK,"$775,000",UFA
Joona Koppanen,LW,27.1,1,PIT,"$775,000",UFA
Chris Wagner,C,33.8,10,COL,"$775,000",UFA
Jack Ahcan,D,27.9,1,COL,"$775,000",UFA
Scott Sabourin,RW,32.7,1,SJS,"$775,000",UFA
Anthony Angello,C,29.1,1,TBL,"$775,000",UFA
Rhett Gardner,C,29.1,1,PHI,"$775,000",UFA
Brogan Rafferty,D,29.8,1,DET,"$775,000",UFA
Vinni Lettieri,C,30.2,5,BOS,"$775,000",UFA
Justin Dowling,C,34.5,3,NJD,"$775,000",UFA
Jonas Johansson,G,29.6,3,TBL,"$775,000",UFA
MacKenzie MacEachern,LW,31.1,5,STL,"$775,000",UFA
John Hayden,C,30.2,7,SEA,"$775,000",UFA
Drake Caggiula,C,30.8,8,EDM,"$775,000",UFA
Matthew Highmore,C,29.1,9,OTT,"$775,000",UFA
Alex Belzile,RW,33.6,3,NYR,"$775,000",UFA
Riley Nash,C,35.9,9,NYR,"$775,000",UFA
Lane Pederson,C,27.7,3,EDM,"$775,000",UFA
Hunter Shepard,G,29.4,1,WAS,"$775,000",UFA
Patrik Koch,D,28.3,1,UTA,"$775,000",UFA
Kale Clague,D,26.8,4,BUF,"$775,000",UFA
Dennis Cholowski,D,27.2,1,NJD,"$775,000",UFA
Hudson Fasching,RW,29.7,6,NYI,"$775,000",UFA
Christian Wolanin,D,30.1,3,VAN,"$775,000",UFA
Brett Seney,LW,29.1,1,CHI,"$775,000",UFA
Clark Bishop,C,29.0,1,CGY,"$775,000",UFA
Nick DeSimone,D,30.3,1,UTA,"$775,000",UFA
Louis Belpedio,D,28.9,1,PHI,"$775,000",UFA
Phillip di Giuseppe,LW,31.5,7,VAN,"$775,000",UFA
Louis Domingue,G,33.1,5,NYR,"$775,000",UFA
Taylor Ward,RW,27.0,1,LAK,"$775,000",UFA
Gustav Olofsson,D,30.3,2,SEA,"$775,000",UFA
Zac Dalpe,C,35.4,12,FLA,"$775,000",UFA
Michael Carcone,RW,28.9,3,UTA,"$775,000",UFA
Matt Kiersted,D,27.0,1,FLA,"$775,000",UFA
Alex Steeves,C,25.3,1,TOR,"$775,000",UFA
Tyce Thompson,RW,25.8,1,NYI,"$775,000",UFA
Egor Sokolov,LW,24.8,1,UTA,"$775,000",UFA
Dominic Toninato,C,31.1,5,WPG,"$775,000",UFA
Guillaume Brisebois,D,27.7,4,VAN,"$775,000",UFA
Grant Hutton,D,29.7,1,NYI,"$775,000",UFA
Spencer Martin,G,29.8,4,CAR,"$775,000",UFA
Emil Bemstrom,C,25.8,5,PIT,"$775,000",UFA
Michael Sgarbossa,C,32.7,5,WAS,"$775,000",UFA
Axel Jonsson-Fjallby,LW,27.2,2,WPG,"$775,000",UFA
Dylan Coghlan,D,27.2,3,WPG,"$775,000",UFA
Mark Friedman,D,29.2,4,NSH,"$775,000",UFA
Noah Juulsen,D,28.0,1,VAN,"$775,000",UFA
